author,comment,name,press,price,score,time
"[清],曹雪芹,著",都云作者痴，谁解其中味？,红楼梦, 人民文学出版社 , 59.70元,9.6, 1996-12 
余华,生的苦难与伟大,活着, 作家出版社 , 20.00元,9.4, 2012-8-1 
"['[英]', '乔治·奥威尔']/['刘绍铭']",栗树荫下，我出卖你，你出卖我,1984, 北京十月文艺出版社 , 28.00,9.4, 2010-4-1 
"['[哥伦比亚]', '加西亚·马尔克斯']/['范晔']",魔幻现实主义文学代表作,百年孤独, 南海出版公司 , 39.50元,9.3, 2011-6 
刘慈欣,地球往事三部曲,三体全集, 重庆出版社 , 168.00元,9.4, 2012-1-1 
"['[美国]', '玛格丽特·米切尔']/['李美华']",革命时期的爱情，随风而逝,飘, 译林出版社 , 40.00元,9.3, 2000-9 
"['J.K.罗琳', '(J.K.Rowling)']/['苏农']",从9¾站台开始的旅程,哈利·波特, 人民文学出版社 , 498.00元,9.7, 2008-12-1 
林奕含,向死而生的文学绝唱,房思琪的初恋乐园, 北京联合出版公司 , 45.00元,9.2, 2018-2 
"[明],罗贯中",是非成败转头空,三国演义（全二册）, 人民文学出版社 , 39.50元,9.3, 1998-05 
"['[英]', '乔治·奥威尔']/['荣如德']",太阳底下并无新事,动物农场, 上海译文出版社 , 10.00元,9.3, 2007-3 
"[英],阿·柯南道尔",名侦探的代名词,福尔摩斯探案全集（上中下）, 1981-8 ,68.00元,9.3, 53.00元
"['[日]', '东野圭吾']/['刘姿君']",一宗离奇命案牵出跨度近20年步步惊心的故事,白夜行, 南海出版公司 , 39.50元,9.1, 2013-1-1 
"['[法]', '圣埃克苏佩里']/['马振聘']",献给长成了大人的孩子们,小王子, 人民文学出版社 , 22.00元,9.1, 2003-8 
金庸,有情皆孽，无人不冤,天龙八部, 生活·读书·新知三联书店 , 96.00元,9.1, 1994-5 
['（丹麦）安徒生']/['叶君健'],为了争取未来的一代,安徒生童话故事集, 人民文学出版社 , 25.00元,9.2, 1997-08 
三毛,游荡的自由灵魂,撒哈拉的故事, 哈尔滨出版社 , 15.80元,9.2, 2003-8 
"['[美]', '哈珀·李']/['高红梅']",有一种东西不能遵循从众原则，那就是——人的良心,杀死一只知更鸟, 译林出版社 , 32.00元,9.2, 2012-9 
当年明月,不拘一格的历史书写,明朝那些事儿（1-9）, 中国海关出版社 , 358.20元,9.1, 2009-4 
鲁迅,新文学的第一声呐喊,呐喊, 人民文学出版社 , 0.36元,9.0, 1973-3 
王小波,沉默是沉默者的通行证,沉默的大多数, 中国青年出版社 , 27.00元,9.1, 1997-10 
"['[法]', '阿尔贝·加缪']/['柳鸣九']",人生在世，永远也不该演戏作假,局外人, 上海译文出版社 , 22.00元,9.0, 2010-8 
"['[意]', '埃莱娜·费兰特']/['陈英']",我的整个生命，只是一场为了提升社会地位的低俗斗争。,失踪的孩子, 人民文学出版社 , 62.00元,9.2, 2018-7 
钱穆,一部简明的“中国政治制度史”,中国历代政治得失, 生活·读书·新知三联书店 , 12.00元,9.2, 2001 
"['[意]', '埃莱娜·费兰特']/['陈英']",探索青年时代的激情、困惑、挣扎、背叛和失去,新名字的故事, 人民文学出版社 , 59.00元,9.1, 2017-4 
"['[以色列]', '尤瓦尔·赫拉利']/['林俊宏']",跟着人类一同走过十万年,人类简史, 中信出版社 , 68.00元,9.1, 2014-11 
"['[巴西]', '保罗·柯艾略']/['丁文林']",你自己就是最大的宝藏,牧羊少年奇幻之旅, 南海出版公司 , 25.00元,8.5, 2009-3-1 
"['[日]', '岛田洋七']/['陈宝莲']",乐观的外婆却总有神奇的办法,佐贺的超级阿嬷, 南海出版公司 , 20.00元,8.7, 2007-3 
"['埃利奥特·阿伦森Elliot', 'Aronson']/['邢占军']",美国社会心理学的《圣经》,社会性动物, 华东师范大学出版社 , 45.00元,9.1, 2007-12 
"['[美]', '罗兰·米勒']/['王伟平']",十四个影响人类文明的瞬间,亲密关系（第5版）, 人民邮电出版社 , 68.00元,9.1, 2011-1-1 
"['[奥]', '斯蒂芬·茨威格']/['舒昌善']",你听说过鹦鹉螺号吗？,人类的群星闪耀时, 广西师范大学出版社 , 18.00元,8.7, 2004-8 
"['[瑞典]', '阿斯特丽德·林格伦']/['李之义']",流水滔滔斩不断，情丝百结冲不破,长袜子皮皮, 中国少年儿童出版社 , 17.80元,9.0, 1999-3 
"['[法国]', '儒尔·凡尔纳']/['沈国华']",科学顽童的故事,海底两万里, 译林出版社 , 19.50元,8.5, 2002-9 
"['[印]', '罗宾德拉纳德·泰戈尔']/['徐翰林']",一个淡泊清透的世界,飞鸟集, 哈尔滨出版社 , 16.80元,8.9, 2004-6 
"['[俄]', '陀思妥耶夫斯基']/['岳麟']",描绘人内心的全部深度,罪与罚, 上海译文出版社 , 23.00元,9.2, 2006-8 
"['[美]', '孔飞力']/['陈兼']",1768年中国妖术大恐慌,叫魂, 生活·读书·新知三联书店 上海三联书店 , 38.00元,9.1, 2012-5 
金庸,武侠的解构，流氓的狂欢,鹿鼎记, 广州出版社 花城出版社 , 108.00元,8.8, 2008-3 
兰小欢,平淡叙述下的惊心动魄,置身事内, 上海人民出版社 , 65.00元,9.1, 2021-8 
吴念真,哀而不伤,这些人，那些事, 译林出版社 , 28.00元,8.8, 2011-9 
三毛,一切充满了善，然而到处是不凑巧,梦里花落知多少, 北京十月文艺出版社 , 28.00元,8.8, 2007-6 
沈从文,翻手为苍凉，覆手为繁华,边城, 北岳文艺出版社 , 12.00元,8.7, 2002-4 
严歌苓,我来自一个极少有人能想象的家庭，教育给了我新世界,陆犯焉识, 作家出版社 , 35.00元,8.8, 2011-10 
"['[美]', '塔拉·韦斯特弗']/['任爱红']",探索时间和空间的核心秘密,你当像鸟飞往你的山, 南海出版公司 , 59.00元,8.7, 2019-10 
刘擎,一颗纯美纯善、永难泯灭的童心,刘擎西方现代思想讲义, 新星出版社 , 79.00元,9.2, 2021-1 
"['[英]', '史蒂芬·霍金']/['许明贤']",伊坂幸太郎代表作,时间简史, 湖南科学技术出版社 , 45.00元,8.9, 2010-4 
"['[英]', '王尔德']/['王林']",江南乡镇民间生活，健康淳朴的人性,王尔德童话, 译林出版社 , 6.00元,9.1, 2003-6 
"['[日]', '伊坂幸太郎']/['李彦桦']",一个谜语，谜底正是时间,金色梦乡, 译林出版社 , 35.00元,9.0, 2010-9 
汪曾祺,一个高贵而残破的昨日镜像,受戒, 漓江出版社 , 3.95元,9.3, 1987-10 
少年儿童出版社,失明症迅速蔓延，整个城市陷入一场空前的灾难,十万个为什么,少年儿童出版社 , 30.00元,9.1, 1962 
"['[阿根廷]', '豪·路·博尔赫斯']/['王永年']",暗恋的极致,小径分岔的花园, 上海译文出版社 , 23.00,8.9, 2015-7 
"['[奥]', '斯蒂芬·茨威格']/['舒昌善']",我们好象在池塘的水底，从一个月亮走向另一个月亮,昨日的世界, 广西师范大学出版社 , 32.00元,9.3, 2004-5-1 
"['[葡]', '若泽·萨拉马戈']/['范维信']",材质、结构、风格和银幕剧作的原理,失明症漫记, 南海出版公司 , 29.50,9.1, 2014-2 
金庸,不识张郎是张郎,倚天屠龙记, 生活·读书·新知三联书店 , 47.00,8.7, 1999-04 
迟子建,东北少数民族鄂温克人生存现状及百年沧桑,额尔古纳河右岸, 北京十月文艺出版社 , 29.00元,9.0, 2005-12-1 
"['[日]', '东野圭吾']/['娄美莲']",人类历史上最早的乌托邦,恶意, 南海出版公司 , 39.50元,8.7, 2016-11-1 
"['[古希腊]', '柏拉图']/['郭斌和']",人类社会的命运,理想国, 商务印书馆 , 28.00元,8.8, 1986-8 
陳浩基,一句胜过千年,1367, 皇冠文化出版有限公司 , NT$350,9.2, 2014-6-9 
刘震云,人们是如何思索、影响他人并与他人建立联系的,一句顶一万句, 长江文艺出版社 , 29.80,8.7, 2009-3 
"['[美]', '戴维·迈尔斯']/['张智勇']",男女之间、父母与子女之间紧密的纽带和难以逾越的鸿沟,社会心理学, 人民邮电出版社 , 68.00元,9.0, 2006-1 
"['[加拿大]', '阿利斯泰尔·麦克劳德']/['陈以侃']",描写疆北阿勒泰地区生活和风情的原生态散文集,海风中失落的血色馈赠, 上海文艺出版社 , CNY 20.00,9.1, 2015-6-1 
李娟,明明这么痛苦，这么难过，为什么就是不能放弃跑步？,我的阿勒泰, 云南人民出版社 , 22.00元,8.8, 2010-7 
"['[美]', '贾雷德·戴蒙德']/['谢延光']",三毛少女时代的成长感受,枪炮、病菌与钢铁, 上海译文出版社 , 45.00元,8.7, 2006-4-1 
三毛,我如此急切地想要讲述这桩案件，也许是它最终确定了我的作家生涯,雨季不再来, 北京十月文艺出版社 , 28.00元,8.7, 2007-7 
"['[哥伦比亚]', '加西亚·马尔克斯']/['魏然']",中国企业1978—2008,一桩事先张扬的凶杀案, 南海出版公司 , 25.00元,8.7, 2013-6 
吴晓波,原作名切题,激荡三十年, 中信出版社 , 32.00元,8.6, 2008-7-1 
八月长安,你在死亡中探究生命的意义，你见证生前的呼吸化作死后的空气,你好，旧时光（上下）, 新世界出版社 , 39.80元,8.7, 2009-12 
['三浦紫苑']/['林佩瑾'],“一对平凡的夫妻”之间的“一点真心”,强风吹拂, 广西师范大学出版社 , 39.00元,9.1, 2015-1-1 
张爱玲,我们现在怎样做母亲,倾城之恋, 北京十月文艺出版社 , 29.80元,8.7, 2006-12 
陈凯歌,苟不记之笔墨，未免有辜彼苍之厚,少年凯歌, 人民文学出版社 , 10.00元,9.3, 2001-6 
龙应台,日常的奇迹,孩子你慢慢来, 生活·读书·新知三联书店 , 28.00元,8.7, 2009-12-1 
錢穆,钱穆中国通史,國史大綱（上下）, 商务印书馆 , 76.00元,9.4, 2013-8 
"['[美]', '曼昆']/['梁小民']",经济学家们的世界观,经济学原理（上下）, 机械工业出版社 , 88.00元,9.1, 2003-8 
[美]洛莉·戈特利布,清末、民初、抗战胜利以后三个历史时期的北京生活风貌,也许你该找个人聊聊,上海文化出版社 , 68.00元,9.0, 2021-7-28 
老舍,我就是要这样香，香得痛痛快快,茶馆, 人民文学出版社 , 9.80元,9.1, 2002-1 
"['[美]', '保罗·卡拉尼什']/['何雨珈']",一幕人生大悲剧，在一个雷雨夜爆发,当呼吸化为空气, 浙江文艺出版社 , 48.00元,8.9, 2016-12 
曹禺,我国最古老最杰出的一部兵书,雷雨, 人民文学出版社 , 9.20,8.6, 1999-05 
['孙武']/['郭化若'],乔治·R·R·马丁史诗奇幻小说,孙子兵法, 上海古籍出版社 , 20.00元,9.4, 2006-7 
['乔治·马丁']/['谭光磊'],不必追,冰与火之歌, 重庆出版社 , 330.00元,9.6, 2013-10-1 
龙应台,耿耿余淮,目送, 生活·读书·新知三联书店 , 39.00元,8.6, 2009-10 
"['[日]', '是枝裕和']/['郑有杰']",人生路上，步履不停，总有那么一点来不及,步履不停, 北京联合出版公司 , 36.80元,8.7, 2017-5 
"['[意]', '卡洛·罗韦利']/['杨光']",生存还是毁灭，这是一个值得思考的问题,时间的秩序, 湖南科学技术出版社 , 56.00元,8.9, 2019-6 
林达,旧中国老北京贫苦市民的典型命运,如彗星划过夜空, 生活·读书·新知三联书店 , 21.00元,8.9, 2006-3 
"['[美]', '斯科特·菲茨杰拉德']/['邓若虚']",公民养成手册,了不起的盖茨比, 南海出版公司 , 25.00元,8.8, 2012-5 
（清）沈复,在这本书里，被“审视”的东西杂七杂八,浮生六记, 人民文学出版社 , 38,8.8, 1999-1 
"['[美]', '欧·亨利']/['张经浩']",鸦片战争再研究,麦琪的礼物, 上海社会科学院出版社 , 25.00元,8.6, 2003-7 
刘瑜,梵高悲惨而成就辉煌的人生,送你一颗子弹, 上海三联书店 , 25.00元,8.6, 2010-1 
茅海建,乱世的英雄史诗,天朝的崩溃, 生活·读书·新知三联书店 , 32.00元,9.1, 2005-7 
"['[美]', '欧文·斯通']/['常涛']",一场同名同姓的误会，两段可贵的爱情,渴望生活, 北京十月文艺出版社 , 29.80元,9.2, 2008-4 
"['[美]', '阿图·葛文德（Atul', 'Gawande）']/['王一方', '主编']",关于衰老与死亡，你必须知道的常识,最好的告别, 浙江人民出版社 , 54.90元,9.0, 2015-7-31 
王国维,以新眼光评旧文学,人间词话, 上海古籍出版社 , 9.80元,9.0, 1998-12 
"['[日]', '黑柳彻子', '著']/['赵玉皎']",真正懂孩子的教育经,窗边的小豆豆, 南海出版公司 , 20.00元,8.8, 2003-1 
['上野千鹤子']/['王兰'],熟读唐诗三百首，不会吟诗也会吟,厌女, 上海三联书店 , 28.00元,9.1, 2015-1 
汪曾祺,揭去生活的面纱,人间草木, 江苏文艺出版社 , 20.00元,9.2, 2005-01 
['(英)W.萨默塞特·毛姆']/['阮景林'],哲学启蒙书,面纱, 重庆出版社 , 32.00元,8.7, 2012-05-01 
['安徒生']/['叶君健'],谦恭地、勇敢地、真诚地和有纪律地爱他人,海的女儿, 上海译文出版社 , 0.43,9.1, 1978年6月 
['[日]冈岛二人']/['张舟'],完美主义者的最高形态,克莱因壶, 化学工业出版社 , 48.00元,8.9, 2019-9 
八月长安,替天行道,最好的我们, 湖南文艺出版社 , 55,8.7, 2013-8-5 
"[明],施耐庵",现代人内心流失的东西，这家杂货店能帮你找回,水浒传（全二册）, 人民文学出版社 , 50.60元,8.6, 1997-1 
"['[日]', '东野圭吾']/['李盈春']",阿西莫夫经典科幻小说,解忧杂货店, 南海出版公司 , 39.50元,8.5, 2014-5 
"['[美]', '艾萨克·阿西莫夫']/['叶李华']",弭平代沟，跨越文化阻隔,银河帝国：基地七部曲, 江苏凤凰文艺出版社 , 328.00元,9.5, 2015-10-1 
"['[英]', '阿瑟·克拉克']/['郝明义']",阿拉伯地区的古代民间传说,2001：太空漫游, 上海文艺出版社 , 62.00元,9.3, 2019-5-10 
"['[英]', '莎士比亚']/['朱生豪']",硅谷创业之父Paul Graham文集,哈姆莱特, 人民文学出版社 , 7.00元,8.7, 2001-1 
老舍,不到园林，怎知春色如许,骆驼祥子, 人民文学出版社 , 12.00,8.4, 2000-3-1 
刘瑜,三毛在加纳利群岛上的生活,民主的细节, 上海三联书店 , 25.00,8.6, 2009-6 
"['[意]', '伊塔洛·卡尔维诺']/['吴正仪']",他的犯罪动机是对美的嫉妒,不存在的骑士, 译林出版社 , 22.00元,8.9, 2012-4 
"['[美]', 'Paul', 'Graham']/['阮一峰']",探讨群众运动的共有特征,黑客与画家, 人民邮电出版社 , 49.00元,8.7, 2011-4 
江南,活泼的生命完全无须借助魔法，便能对我们述说至美至真的故事,九州·缥缈录, 新世界出版社 , 20.00元,8.8, 2005-6 
"['[日]', '岩井俊二']/['穆晓芳']",阿加莎·克里斯蒂代表作,情书, 天津人民出版社 , 18.00元,8.6, 2004-7 
"['[英]', '吉米·哈利']/['种衍伦']",中国人，你为什么不生气,万物有灵且美, 中国城市出版社 , 28.80,8.9, 2010-1 
"['[英]', '阿加莎·克里斯蒂']/['宫英海']",男孩桑桑刻骨铭心、终身难忘的六年小学生活,尼罗河上的惨案, 人民文学出版社 , 22.00元,8.7, 2006-5 
李娟,一场穿越银河的冒险,遥远的向日葵地, 花城出版社 , 38.00元,9.1, 2017-11 
龙应台,人生，远比地狱更像地狱,野火集, 文汇出版社 , 25.00元,8.8, 2005-8 
蘅塘退士,在这里看见中国,唐诗三百首, 中华书局 , 0.65,9.4, 1984-07-01 
柴静,了解IT领域的入门读物,看见, 广西师范大学出版社 , 39.80元,8.8, 2013-1-1 
吴军,萧红的童年往事,浪潮之巅, 电子工业出版社 , 55.00元,9.0, 2011-8 
萧红,写给那一群， 在最深最深的黑夜里， 独自彷徨街头， 无所依归的孩子们,呼兰河传, 百花文艺出版社 , 19.00,8.9, 2005-01 
白先勇,中国美学经典之作,孽子, 广西师范大学出版社 , 46.00元,9.1, 2010.10 
"['[挪]', '乔斯坦·贾德']/['萧宝森']",从遥远的撒哈拉到敦煌戈壁,苏菲的世界, 作家出版社 , 26.00元,8.8, 2007-10 
"['[美]', '艾·弗洛姆']/['李健鸣']",白雪和阳光，青草和白桦林,爱的艺术, 上海译文出版社 , 15.00元,8.8, 2008-4 
"['[美]', '沃尔特·艾萨克森']/['管延圻']",少年辛克莱寻找通向自身之路的艰辛历程,史蒂夫·乔布斯传, 中信出版社 , 68.00元,8.7, 2011-10-24 
三毛,三毛在加纳利群岛的生活,万水千山走遍, 哈尔滨出版社 , 13.80,8.8, 2003-08 
龙应台,美国政治法律制度的基本原理和操作细节,亲爱的安德烈, 人民文学出版社 , 26.00,8.6, 2008-12 
纳训,火焰是我们诗歌唯一的读者,一千零一夜, 人民文学出版社 , 22.00,8.7, 2003-01 
林达,20世纪中国知识分子的心灵史,总统是靠不住的, 生活·读书·新知三联书店 , 21.80,8.8, 2004-08 
顾城,“超现实主义”风格作品，德国的《尤利西斯》,顾城的诗, 人民文学出版社 , 20.00,8.8, 1998-12 
"['[日本]', '上野千鹤子']/['吕灵芝']",一个国家只能有一个契约,从零开始的女性主义, 北京联合出版公司 , 52.00元,8.7, 2021-9 
汤显祖,两代人从巨流河到哑口海的故事,牡丹亭, 人民文学出版社 , 14.50元,9.0, 1963-4-1 
曹文轩,世钧，我们回不去了,草房子, 江苏少年儿童出版社 , 18.00元,9.0, 2009-6 
李泽厚,中国历史上首部完整的哲学著作,美的历程, 生活·读书·新知三联书店 , 43.00元,9.2, 2009-7 
黄元吉,王小波与李银河的两地书,道德经, 陕西人民出版社 , 4.50元,9.5, 1996-10 
王小波,家庭生活回忆录,爱你就像爱生命, 上海锦绣文章出版社 , 18.00元,8.8, 2008-5 
杨绛,阿勒泰的精灵,我们仨, 生活·读书·新知三联书店 , 18.80元,8.7, 2003-7 
李娟,五个家族，一场战争,冬牧场, 新星出版社 , 29.80元,9.1, 2012-6 
李娟,真实记录切尔诺贝利核灾难事件,阿勒泰的角落, 万卷出版公司 , 25.00元,9.1, 2010-6 
"['[德]', '赫尔曼·黑塞']/['丁君君']",“那不勒斯四部曲”第一部，两个女人，50年的友谊和战争,德米安, 上海人民出版社 , 25.00元,8.9, 2009-3 
三毛,人间，只是抹去了脂粉的脸,温柔的夜, 北京十月文艺出版社 , 28.00元,9.1, 2007-5 
['米兰·昆德拉']/['许钧'],在法治国家里，民众怎样运用法律,不能承受的生命之轻, 上海译文出版社 , 29.00元,8.8, 2010-8 
"['[日]', '清水洁']/['王华懋']",量子之外，没有真相,桶川跟踪狂杀人事件, 四川人民出版社 , 45.00元,9.0, 2021-2 
"['[英]', '阿加莎·克里斯蒂']/['常禾']",在纷扰中寻出一点闲静,罗杰疑案, 新星出版社 , 28.00元,9.2, 2013-3 
余华,数学好是一种极致的浪漫,许三观卖血记, 作家出版社 , 24.00元,9.0, 2012-9 
鲁迅,一本有教育意义的书,朝花夕拾, 人民文学出版社 , 0.25元,8.9, 1973-4 
"['[日]', '东野圭吾']/['刘子倩']",拾取古代传说，取一点因由，随意点染,嫌疑人X的献身, 南海出版公司 , 28.00,8.9, 2008-9 
['[德国]格林兄弟']/['魏以新'],是不是真的只有先与人疏离，才能最终与他们在一起？,格林童话全集, 人民文学出版社 , 21.45元,9.0, 1994-11 
"['[美]', '路易斯·贾内梯']/['焦雄屏']",电影入门经典之作,认识电影, 世界图书出版公司 , 68.00元,8.9, 2007-11 
刘胜利,仁远乎哉？我欲仁，斯仁至矣,论语, 中华书局 , 9.80元,9.1, 2006-12 
"['[美]', '特德·姜']/['李克勤']",特德·姜科幻小说集,你一生的故事, 译林出版社 , 36.00元,8.8, 2015-5 
"['[南非]', '特雷弗·诺亚']/['董帅']",癌症传,天生有罪, 北京联合出版公司 , 58.00,9.1, 2018-2-1 
"['[美]', '悉达多·穆克吉']/['李虎']",从史前史到21世纪,众病之王, 中信出版社 , 42.00元,9.1, 2013-2 
路遥,中国当代城乡生活全景,平凡的世界（全三部）, 人民文学出版社 , 64.00元,9.0, 2005-1 
钱锺书,幽默的语言和对生活深刻的观察,围城, 人民文学出版社 , 19.00,9.0, 1991-2 
金庸,欲练此功，必先自宫,笑傲江湖（全四册）, 生活·读书·新知三联书店 , 76.80元,9.1, 1994-5 
"['[英]', '肯·福莱特']/['于大卫']",“教父三部曲”电影原著,巨人的陨落, 江苏凤凰文艺出版社 , 129.80元,8.9, 2016-5-1 
海子,在混沌纷扰的生活漩流中，寻求人生的真谛,海子的诗, 人民文学出版社 , 15.40,9.0, 1999-04 
['[美]马里奥·普佐']/['周汉林'],对世俗、实用问题深刻而透彻的讨论,教父, 译林出版社 , 23.30元,9.0, 1997-8 
"['[英]', '毛姆']/['张柏然']",北平沦陷时代广大平民的悲惨遭遇,人生的枷锁, 上海译文出版社 , 32.00元,9.1, 2007-3 
['(德)叔本华']/['韦启昌'],即使不能拥有完美的生活，所幸追求过完整的自我,人生的智慧, 上海人民出版社 , 28.00元,9.2, 2008-10-01 
老舍,探索中年的虚无、困惑、野心和近乎残暴的爱,四世同堂, 北京十月文艺出版社 , 36.00元,9.4, 2008-07 
"['[白俄]', 'S·A·阿列克谢耶维奇']/['方祖芳']",面对强大的对手，明知不敌，也要毅然亮剑,我不知道该说什么，关于死亡还是爱情, 花城出版社 , 34.80元,9.1, 2014-6-15 
"['[意]', '埃莱娜·费兰特']/['陈英']",收录自先秦至明末的散文二百二十二篇,我的天才女友, 人民文学出版社 , 42.00元,8.6, 2017-1 
鲁迅,童谣杀人案,故事新编, 人民文学出版社 , 0.31 元,9.4, 1973-12-01 
"['[意]', '伊塔洛·卡尔维诺']/['吴正仪']",我想爱，想吃，还想在一瞬间变成天上半明半暗的云,树上的男爵, 译林出版社 , 30.00元,9.1, 2012-4-1 
"['[英]', '阿加莎・克里斯蒂']/['祁阿红']",所有现代言情小说的母体,无人生还, 人民文学出版社 , 19.00,8.9, 2008-3 
"['(美)', '斯塔夫里阿诺斯']/['吴象婴']",纳粹法西斯对人心灵的折磨及摧残,全球通史, 北京大学出版社 , 168.00元,9.1, 2012-2-1 
"['[奥]', '斯蒂芬·茨威格']/['张玉书']",澳洲乱世情,象棋的故事, 上海译文出版社 , 23.00元,9.1, 2007-7 
['李沧东']/['春喜'],跟火星来一场不是你死就是我活的过家家游戏,鹿川有许多粪, 武汉大学出版社 , 58.00元,9.0, 2021-8 
"['[哥伦比亚]', '加西亚·马尔克斯']/['杨玲']",义无反顾地直达爱情的核心,霍乱时期的爱情, 南海出版公司 , 39.50元,9.0, 2012-9-1 
费孝通,中国乡土社会传统文化和社会结构理论研究代表作,乡土中国, 上海人民出版社 , 38.00,9.2, 2006-04-01 
陈忠实,一轴关于我们民族灵魂的现实主义画卷,白鹿原, 人民文学出版社 , 39.00元,9.2, 2012-9 
鲁迅,我以这一丛野草，在明与暗，生与死，过去与未来之际，献于友与仇，人与兽，爱者与不爱者之前作证。,野草, 人民文学出版社 , 0.20元,9.5, 1973-3 
"['[美]', '斯蒂芬·金']/['施寄青']",豆瓣电影Top1原著,肖申克的救赎, 人民文学出版社 , 29.90元,9.1, 2006-7 
"['[英]', '阿加莎·克里斯蒂']/['陈尧光']",谋杀诡计惊人，波洛的抉择耐人寻味,东方快车谋杀案, 人民文学出版社 , 18.00元,9.0, 2006-5 
王小波,史家之绝唱，无韵之离骚,黄金时代, 花城出版社 , 19.00元,8.9, 1999-3 
"['[英]', '奥斯丁']/['张玲']",窥见美国社会的一扇窗,傲慢与偏见, 人民文学出版社 , 13.00元,8.9, 1993-7 
['司马迁']/['（索隐）司马贞，（正义）张守节'],现实主义与浪漫主义的至高杰作,史记（全十册）, 中华书局 , 125.00,9.5, 1982-11 
"林崇德,主编",用别样的监禁生活再现某种监禁生活，与用不存在的事表现真事同等合理,中国少年儿童百科全书（全四册）, 浙江教育出版社 , 168.00元,9.4, 1991-4 
林达,量子物理史话,历史深处的忧虑, 生活·读书·新知三联书店 , 19.00元,9.0, 1997-5 
"['[澳]', '考琳·麦卡洛']/['曾胡']",唐人传奇贯注现代情趣,荆棘鸟, 译林出版社 , 28.00元,8.6, 1998-7 
"['[美]', '安迪·威尔']/['陈灼']",在各种光怪陆离的场景中，迷失的人性引发了一连串的悲剧,火星救援, 译林出版社 , 38.00,8.9, 2015-10 
王小波,一个母亲、妻子、女儿的生命日记,青铜时代, 花城出版社 , 29.00元,8.8, 1997-5 
"['[英]', '威廉·萨默塞特·毛姆']/['冯亦代']",佛陀的证悟,毛姆短篇小说精选集, 译林出版社 , 36.00元,9.1, 2012-11 
于娟,野马也，尘埃也，生物之以息相吹也,此生未完成, 湖南科学技术出版社 , 26.00元,8.9, 2011-5 
['宗萨蒋扬钦哲仁波切']/['姚仁喜'],中国哲学入门书,正见, 中国友谊出版公司 , 25.00元,8.8, 2007-1 
['大仲马']/['周克希'],一个报恩复仇的故事，以法国波旁王朝和七月王朝为背景,基督山伯爵, 上海译文出版社 , 43.90元,9.0, 1991-12-1 
"['[美]', '傅高义']/['冯克利']",个人命运背后的历史变局,邓小平时代, 生活·读书·新知三联书店 , 88.00元,9.2, 2013-1 
"['[英]', '毛姆']/['傅惟慈']",有多少人会经历顿悟，就有更少的人甘愿自我放逐,月亮和六便士, 上海译文出版社 , 15.00元,9.0, 2006-8 
"['[美]', '彼得·海斯勒']/['李雪顺']",外国人眼中的涪陵,江城, 上海译文出版社 , 36.00元,9.1, 2012-1 
史铁生,这是你的罪孽与福祉,我与地坛, 春风文艺出版社 , 25.00元,9.1, 2002-5 
"['[法]', '雨果']/['李丹']",至情至性，情大于武,悲惨世界（上中下）, 人民文学出版社 , 66.00元,9.0, 1992-6 
"['[法]', '阿尔贝·加缪']/['刘方']",关于时间旅行的终极奥秘和恢宏构想,鼠疫, 上海译文出版社 , 34.00元,9.0, 2013-8 
曹天元,木心留给世界的礼物,上帝掷骰子吗, 辽宁教育出版社 , 32.00元,9.2, 2006-1 
['金庸']/['有1996年11月北平第4次印本'],神魔皆有人情，精魅亦通世故,神雕侠侣, 生活·读书·新知三联书店 , 76.80元,8.9, 1994-5 
"['[美]', '艾萨克·阿西莫夫']/['崔正男']",思无邪,永恒的终结, 江苏凤凰文艺出版社 , 32.00元,9.1, 2014-9 
"木心,口述",白先勇短篇小说集,文学回忆录, 广西师范大学出版社 , 98.00元,9.1, 2013-1-10 
"['孙通海', '译注']/['方勇', '译注']",伴随着惩罚的人性化，自由反而日益丧失了,庄子, 中华书局 , 20.00元,9.4, 2007-04 
['冯友兰']/['赵复三'],科学中的事实和臆测,中国哲学简史, 新世界出版社 , 38.00元,8.9, 2004-1 
"['[苏]', '安德烈·塔可夫斯基']/['张晓东']",一个小商人家庭出身的女子曹七巧的心灵变迁历程,雕刻时光, 南海出版公司 , 45.00元,9.5, 2016-5 
"['[法]', '米歇尔·福柯']/['刘北成']",海上繁花，请静观静读,规训与惩罚, 生活·读书·新知三联书店 , 21.80元,9.3, 2003-1 
"['[英]', '威尔·贡培兹']/['王烁']",一个蜘蛛和小猪的故事，写给孩子，也写给大人,现代艺术150年, 广西师范大学出版社 , 65.00元,9.2, 2017-3-1 
"[美],黄仁宇",见微知著，历史观的颠覆,万历十五年, 生活·读书·新知三联书店 , 18.00元,8.9, 1997-5 
"林海音,文",长亭外，古道边，芳草碧连天,城南旧事, 中国青年出版社 , 16.00元,9.0, 2003-7 
鲁迅,路漫漫其修远兮，吾将上下而求索,彷徨, 人民文学出版社 , 0.37元,9.2, 1973-3 
"['[美]', '卡勒德·胡赛尼']/['李继宏']",为你，千千万万遍,追风筝的人, 上海人民出版社 , 29.00元,8.9, 2006-5 
"['[德]', '赫尔曼·黑塞']/['姜乙']",一把刀的锋刃不容易越过；因此智者说得救之道是困难的,悉达多, 天津人民出版社 , 32.00元,9.4, 2017-1 
['[英]毛姆']/['周煦良'],从最早的洞窟绘画到当今的实验艺术,刀锋, 上海译文出版社 , 18.00元,9.0, 2007-3 
"['吴承恩']/['黄肃秋', '注释']",沙漠中寻常的生与死,西游记（全二册）, 人民文学出版社 , 47.20元,8.9, 2004-8 
"孔丘,编订",唯有希望与爱可以驱散阴霾,诗经, 北京出版社 , 19.90元,9.4, 2006-7 
白先勇,这个发生在瑞典的故事，如生命庆典般绚丽斑斓,台北人, 广西师范大学出版社 , 38.00元,8.9, 2010-10 
"['[美]', 'G.', '伽莫夫']/['暴永宁', '译']",用最为细小的马赛克拼出了一幅完整的后苏联时代图景,从一到无穷大, 科学出版社 , 29.00元,9.1, 2002-11 
"['[英]', '贡布里希', '(Sir', 'E.H.Gombrich)']/['范景中']",侠之大者，为国为民,艺术的故事, 广西美术出版社 , 280.00,9.6, 2008-04 
金庸,错综复杂的社会、家庭矛盾和人性悲剧,射雕英雄传, 生活·读书·新知三联书店 , 47.00元,9.0, 1999-04 
"['[俄]', '费奥多尔·陀思妥耶夫斯基']/['荣如德']",《纽约客》驻北京记者驾车漫游中国大陆的经历,卡拉马佐夫兄弟, 上海译文出版社 , 25.00元,9.5, 2006-8 
"['[美]', '彼得·海斯勒']/['李雪顺']",当声称能改造智能的科学实验选中心智障碍主角,寻路中国, 上海译文出版社 , 33.00元,9.0, 2011-1 
