area,env,first,floor,house_name,location,name,price,second,title
20,"合租,朝南,有电梯,3号线",3,高层(共33层)                                                            ,,高新区-科技西路 科技路82号,城市风景都市印象,600,2,免押金直租丈八北路地铁口 枫韵蓝湾都市印象高新医院西安全房源
15,"合租,朝南,有电梯,3/5号线",3,高层(共20层)                                                            ,,"高新区-大寨路 团结南路,近无名路",响塘德苑,599,1,可月付 丈八北路地铁口 安琪儿医院 晶鑫商业广场 拎包入住
30,"合租,朝南,有电梯,6号线",2,中层(共32层)                                                            ,,高新区-木塔寺公园 高新路88号,尚品国际,850,1,押一付一 两室合租 木塔寺地铁口 尚品国际 新长安广场 主卧
29,"合租,朝南,有电梯,3/5号线",3,高层(共18层)                                                            ,,高新区-大寨路 大寨路1号,华府新桃园,850,2,延平门 金光门地铁 大寨路 太和时代广场 华府新桃园 可月付
25,"合租,朝南,有电梯,3/5号线",3,高层(共30层)                                                            ,,"高新区-大寨路 创新路,近大寨路",融侨城(东区一期),700,2,延平门 金光门地铁 旺座国际城 太和时代广场 融侨城 可月付
25,"合租,朝南,有电梯,3/5号线",3,中层(共30层)                                                            ,,高新区-大寨路 大寨路99号,恒大城,500,2,可月付 大寨路 恒大城可短租 金域牟嘉旁中航华府 铭城国际
25,"合租,朝南,有电梯,3/5号线",3,低层(共24层)                                                            ,,"高新区-大寨路 大寨路,近丈八北路",新乐城,680,2,新乐城 丈八北路 恒大城商业街 晶鑫商业广场 华润万家
35,"合租,朝南,有电梯,3号线",3,中层(共34层)                                                            ,,高新区-科技西路 科技路82号,城市风景都市印象,890,2,月付 丈八北路地铁 都市印象 天朗蓝湖树 左岸春天 枫韵蓝湾
26,"合租,朝南,有电梯,3/5号线",3,高层(共28层)                                                            ,,高新区-大寨路 大寨路99号,恒大城,730,1,可月付 丈八北路 大寨路 阳台落地窗 铭城国际 中航华府
30,"合租,朝南,有电梯",5,低层(共28层)                                                            ,,高新区-科技四路西段 高新六路43号,绿港花园,600,2,月付 科技四路 南窑头 绿港花园 立人科技 九鼎城 实墙卧室
28,"合租,朝南,有电梯,6号线",3,低层(共12层)                                                            ,,高新区-唐延路 科技四路2号,天地源枫林绿洲,860,2,可月付短租 木塔寺地铁口 科技四路 旺座现代城 洛克大厦
28,"合租,朝南,有电梯",3,中层(共26层)                                                            ,,高新区-鱼化寨 鱼斗路,兴贺佳苑,500,1,月付直租 环普产业园 中软欧森华为 华大讯飞软件新城 雷家寨
36,"合租,朝南,有电梯,3/5号线",3,中层(共33层)                                                            ,,"高新区-大寨路 大寨路,近无名路",晶鑫华庭,900,2,减免一个月租金 晶鑫华庭 南向超大卧室带落地全景阳台 可月付
28,"合租,朝南,有电梯,6号线",4,低层(共33层)                                                            ,,高新区-科技六路 双水磨路,保利双水磨小区,680,1,月付 西安软件园 新长安广场 丈八北路 茶张馨苑 国宾中央区
15,"合租,朝南,有电梯,6号线",3,中层(共28层)                                                            ,,高新区-锦业路 锦业路36号,旗远锦樾,480,2,月付可短租都市之门绿地中心华陆大厦六号线丈八一路锦业时代领海
30,"合租,朝南,有电梯,3/5号线",3,高层(共30层)                                                            ,,高新区-大寨路 大寨路99号,恒大城,700,2,大寨路 昆明路 汉城南路地铁口 恒大城 金域牟嘉 旭景碧泽园
30,"合租,朝南,有电梯,3/5号线",3,中层(共28层)                                                            ,,高新区-科技六路 团结南路18号,盛景园,750,2,真实延平门地铁口 团结南路 大寨路 晶鑫广场 高新六路
31,"合租,朝南,有电梯,6号线",3,低层(共25层)                                                            ,,高新区-唐延路 科技四路2号,天地源枫林绿洲,980,2,月付直租飘窗主卧雁塔 科技四路 西安文理 6号线木塔寺 万达
25,"合租,朝南,有电梯,3/5号线",3,中层(共30层)                                                            ,,高新区-科技六路 团结南路18号,盛景园,650,1,融侨城 中间群贤汇 东方米兰 枫林华府 卡布奇诺公馆 盛景园
25,"合租,朝南,有电梯,3/5号线",4,中层(共34层)                                                            ,,"高新区-大寨路 大寨路,近丈八北路",铭城(西区),650,0,月付直租 鱼化寨地铁口 环普 大寨路 铭城 中航华府
15,"合租,朝南,3/5号线",3,低层(共7层)                                                            ,,高新区-科技路 沣惠南路130号,公安莲湖分局家属院,650,2,劳动路玉祥门开元商城西关正街大庆路无中介费可月付可短租
25,"合租,朝南,有电梯,3号线",3,低层(共32层)                                                            ,,"高新区-大寨路 科技西路,近丈八北路辅路",金辉高新云璟,900,2,月付实拍 高档小区 丈八北路 外事学院 高新云璟 天朗蓝湖树
20,"合租,南北,有电梯,3号线",4,低层(共28层)                                                            ,,"高新区-大寨路 科技西路,近丈八北路辅路",金辉高新云璟,550,1,丈八北路 地铁口 精装修 可短租 独卫 次卧 科技路
25,"合租,朝南,有电梯,3/5号线",3,中层(共32层)                                                            ,,高新区-大寨路 丈八北路575号,旭景碧泽园,600,2,可月付，飘窗次卧，丈八北路地铁口，大寨路，莱安逸辉，晶鑫广场
25,"合租,朝南,有电梯,3/5号线",2,高层(共20层)                                                            ,,"高新区-昆明路 沣惠南路,近昆明路",牡丹庄园,750,1,可月付 金光门地铁口 太和时代广场 昆明路 延平门迪特口
40,"合租,朝南,有电梯",2,中层(共32层)                                                            ,,高新区-科技四路西段 高新六路43号,绿港花园,999,2,科技四路 绿港花园 超大主卧带阳台 立人科技 南窑头
18,"合租,朝南,有电梯,3号线",4,低层(共33层)                                                            ,,"高新区-大寨路 科技西路,近丈八北路辅路",金辉高新云璟,550,1,单间直租 高新云璟 蓝湖树 风韵蓝湾 伟业公馆 风度天城
30,"合租,朝南,有电梯,3/5号线",3,高层(共33层)                                                            ,,高新区-大寨路 团结南路200号,中建国熙台,860,1,丈八北路地铁口 团结南路 高新医院 中晶科技广场国 西熙台
36,"合租,朝南,有电梯,3/5号线",3,中层(共33层)                                                            ,,"高新区-大寨路 大寨路,近无名路",晶鑫华庭,900,2,可月付 太和时代晶鑫华庭 超大南向主卧带落地全景阳台 可做饭
30,"合租,朝南,有电梯,3/5号线",3,高层(共32层)                                                            ,,"高新区-大寨路 创新路,近大寨路",融侨城(东区一期),780,2,月付 延平门 融侨城 华府新桃园 牡丹庄园 中华世纪城 多套
36,"合租,朝南,有电梯,3号线",3,中层(共33层)                                                            ,,高新区-科技西路 科技路82号,城市风景都市印象,900,2,丈八北路 都市印象主卧独卫 次卧飘窗 朝南 可月付 2间一起
29,"合租,朝南,有电梯,3/5号线",3,高层(共33层)                                                            ,,"高新区-大寨路 大寨路,近无名路",晶鑫华庭,830,1,全女神 大寨路 晶鑫华庭 红枫林 东方米兰 莱安逸珲 可月付
20,"合租,朝南,有电梯,3/5号线",3,高层(共33层)                                                            ,,"高新区-大寨路 团结南路,近大寨路",中建群贤汇,600,2,延平门地铁口 西安大都荟 禾盛京广中心 旺座国际 金桥国际
20,"合租,南北,有电梯,3/5号线",2,高层(共30层)                                                            ,,"高新区-大寨路 团结南路,近大寨路",中建群贤汇,620,1,群贤汇 三室合租 厨房 月付 可短租 地铁 阳台 飘窗 独卫
30,"合租,朝南,有电梯,3/5号线",3,高层(共33层)                                                            ,,高新区-鱼化寨 鱼跃路,绿地国际花都(北区),900,1,押一付一 鱼化寨地铁口 环普 华为 阿里巴巴直达 多套可挑
15,"合租,朝南,有电梯,6号线",5,高层(共32层)                                                            ,,高新区-科技六路 双水磨路,保利双水磨小区,600,0,直租单间  保利双水磨 科技五路 无押金
27,"合租,朝南,有电梯,3/5号线",3,中层(共32层)                                                            ,,高新区-大寨路 大寨路99号,恒大城,980,2,汉城南路地铁口 大寨路 主卧大阳台 腾飞科汇城 唐沣国际
23,"合租,朝南,有电梯,3/5号线",3,低层(共32层)                                                            ,,高新区-大寨路 团结南路200号,中建国熙台,699,2,延平门地铁口 团结南路 中晶科技广场 零壹广场 启迪中心直租
25,"合租,朝南,有电梯,3/5号线",3,高层(共23层)                                                            ,,高新区-大寨路 丈八北路575号,旭景碧泽园,650,1,首月免租金丈八北路地铁口 土门 外事学院 北窑头 西安大都荟
26,"合租,朝南,有电梯",2,中层(共32层)                                                            ,,高新区-鱼化寨 鱼斗路,兴贺佳苑,600,1,直租月付 环普 中软欧森 华为腾飞 阿里巴巴 软件新城雷家寨
33,"合租,朝南,有电梯,3/5号线",3,高层(共33层)                                                            ,,"高新区-大寨路 大寨路,近无名路",晶鑫华庭,800,2,押一付一 全女生 莱安逸辉 东方米兰 晶鑫华庭 融侨城
30,"合租,南北,有电梯,3号线",3,高层(共33层)                                                            ,,高新区-科技路西口 科技路299号,伟业公馆,650,2,厨房套间阳台 金辉高新云璟 陈家庄小区 伟业公馆 天朗蓝湖树
25,"合租,朝南,有电梯,3号线",3,高层(共32层)                                                            ,,"高新区-大寨路 科技西路,近丈八北路辅路",金辉高新云璟,850,2,主卧合租 大窗阳台采光好 丈八北路地铁口 高新医院 无杂费
25,"合租,南北,有电梯,3/5/6号线",3,中层(共30层)                                                            ,,"高新区-科技路 科技路,近高新四路",高新大都荟,990,3,大都荟 主卧独卫 地铁 三号线 延平门地铁口 合租 拎包入住
23,"合租,朝南,有电梯,6号线",3,低层(共16层)                                                            ,,高新区-唐延路 科技四路2号,天地源枫林绿洲,820,1,木塔寺地铁口 旺座现代城 实墙主卧带独立卫浴 科技四路
28,"合租,朝南,有电梯,1/5号线",3,低层(共33层)                                                            ,,"高新区-昆明路 汉城南路,近汉城东路",金辉优步花园,599,2,月付汉城南路地铁口 旭景新港 药厂十字 金辉优步花园当代宏府
28,"合租,南北,有电梯,3/5号线",4,低层(共33层)                                                            ,,高新区-大寨路 大寨路,中航华府,500,0,月付鱼化寨大寨路外事学院精美主卧单间多套拎包入住中航华府
36,"合租,朝南,有电梯,3/5号线",3,中层(共33层)                                                            ,,"高新区-大寨路 创新路,近大寨路",融侨城(东区一期),900,2,减免租金一个月太和时代 融侨城 主卧独卫朝南大落地窗 可月付
35,"合租,朝南,有电梯,3号线",3,中层(共33层)                                                            ,,高新区-科技路西口 唐兴路21号,都市春天,950,2,都市春天 唐兴路 唐兴数码 拎包入住 高新医院 睿中心
30,"合租,朝南,有电梯,3/5/6号线",3,中层(共30层)                                                            ,,高新区-科技路 科技路18号,新科大厦,950,1,科技路地铁口 徐家庄 西电科技园  拎包入住 精装全配无中介
20.2,"合租,朝南,有电梯,3/5号线",3,高层(共32层)                                                            ,,"高新区-科技路西口 科技路,近丈八北路",都市印象SOLO街区,600,1,可月付免租一月 丈八北路地铁口 外事学院 华润万家 主卧独卫
17,"合租,朝南,有电梯,3/5号线",4,低层(共33层)                                                            ,,高新区-大寨路 纬一路,华洲城云顶,399,1,押一付一 鱼化寨地铁口 环普产业园 绿地鸿海大厦 欣桥市场
25,"合租,朝南,有电梯,3号线",3,中层(共33层)                                                            ,,"高新区-大寨路 科技西路,近丈八北路辅路",金辉高新云璟,600,1,实图月付 丈八北路地铁口 外事学院 大寨子村 高新云璟
20,"合租,朝南,有电梯,3号线",4,中层(共32层)                                                            ,,高新区-科技西路 科技路82号,城市风景都市印象,699,2,（月付别犹豫）丈八北路跌口 外事学院 利军明天 枫韵蓝湾
21,"合租,朝南,有电梯,6号线",5,低层(共33层)                                                            ,,高新区-丈八西路 丈八四路,丈八一号,800,0,丈八四路 现代企业中心 罗马景福城 丈八一号 精装主卧月付
37,"合租,朝南,有电梯,6号线",5,中层(共18层)                                                            ,,"高新区-锦业路 丈八六路,近科技八路",盛泽万家灯火,750,0,丈八六路 现代企业中心 中软环普华为 万家灯火 超大主卧月付
30,"合租,朝南,有电梯,6号线",3,中层(共26层)                                                            ,,高新区-逸翠园 锦业二路10号,逸翠园(别墅),600,2,中兴产业园 高新第五季 南沈新苑 海亮新英里 逸翠园月付直租
29,"合租,朝南,有电梯,3/5号线",5,高层(共34层)                                                            ,,高新区-大寨路 经十三路,华洲城熙悦都,500,0,直租无套路 多套精美单间主卧独卫 鱼化寨 西窑头 欣桥市场
26,"合租,朝南,有电梯,6号线",5,高层(共35层)                                                            ,,高新区-丈八西路 丈八四路,丈八一号,900,0,丈八四路地铁口 陕西大会堂 嘉昱大厦 丈八一号 朝南卧室
26,"合租,朝南,有电梯,3/5号线",3,高层(共28层)                                                            ,,高新区-科技六路 团结南路18号,盛景园,720,1,可月付 团结南路 大寨路 高新医院 实墙带阳台 中华世纪城
40,"合租,朝南,有电梯,3/5号线",3,高层(共33层)                                                            ,,"高新区-大寨路 团结南路,近无名路",高新枫林华府,980,1,主卧独卫 5号线汉城南路地铁口 安琪儿医院 大寨路 丈八北路
15,"合租,朝南,3/5/6号线",3,中层(共6层)                                                            ,,高新区-高新路 高新路50号,皇家花园,699,1,特价空调房 科技路地铁口 高新一中 尚中心 自习室 三户合租
20,"合租,朝南,有电梯,3/5号线",3,高层(共33层)                                                            ,,"高新区-科技六路 南二环路,近丰登路",高新左岸,666,1,金光门地铁口 丰庆公园 高新左岸 三室合租 带厨房
30,"合租,朝南,有电梯,3号线",3,高层(共32层)                                                            ,,高新区-鱼化寨 鱼斗路158号,复地优尚国际,839,1,可月付 鱼化寨地铁口 环普直达 欧森国际 复地优尚 石桥欣苑
25,"合租,朝南,有电梯,3/5号线",3,高层(共34层)                                                            ,,高新区-大寨路 科技路298号,响塘文苑,599,1,押一付一 丈八北路地铁口 枫韵蓝湾 伟业公馆 紫薇臻品 铂悦
28,"合租,朝南,有电梯,3/5号线",2,低层(共18层)                                                            ,,"高新区-昆明路 沣惠南路,近昆明路",牡丹庄园,880,1,5号线牡丹庄园金光门地铁口50米全女生包物业宽带三室合租干净
20,"合租,朝南,有电梯,3/5号线",4,低层(共33层)                                                            ,,高新区-大寨路 纬一路,华洲城云顶,400,1,直租月付 鱼化寨 金泰怡景 云顶 押一付一 私信或电话联系
30,"合租,朝南,有电梯,3/5号线",4,共5层                                                            ,,高新区-科技路中段 科技路西段239号,中华世纪城,800,2,延平门地铁口 旺座国际城 中华世纪城 紫薇臻品 新西蓝
30,"合租,朝南,有电梯,3/5号线",3,中层(共32层)                                                            ,,高新区-大寨路 大寨路2号,东方米兰,880,1,月付大寨路 东方米兰 晶鑫华庭 华府新桃园 盛景园 三室合租
27,"合租,朝南,有电梯,3号线",3,高层(共33层)                                                            ,,高新区-鱼化寨 西三环,鸿锦城罗曼尼,400,2,押一付一 环普产业园 鱼化寨地铁口 东方米兰国际城 罗曼尼
30,"合租,朝南,有电梯,3/5号线",3,高层(共30层)                                                            ,,高新区-科技六路 团结南路18号,盛景园,790,1,大寨路 丈八北路 金光门 中华世纪城 无中介 拎包入住可做饭
30,"合租,朝南,有电梯,6号线",3,中层(共30层)                                                            ,,高新区-丈八西路 丈八西路,西滩村安置小区,850,1,西沙湖花园 华为西安研究所 腾飞科汇城 软件新城 瞪羚谷
16,"合租,朝南,有电梯,3/5号线",4,低层(共33层)                                                            ,,高新区-大寨路 经十三路,华洲城熙悦都,399,1,鱼化寨 西三环 西窑头 石桥欣苑 东方米兰国际城 中航华府
20,"合租,朝南,有电梯,6号线",3,低层(共32层)                                                            ,,高新区-木塔寺公园 科技六路6号,建邦华庭,598,1,月付 文理学院 木塔寺 太白南路 沙井村 荣禾云图 兰岛广场
20,"合租,朝南,有电梯,3/5号线",4,高层(共33层)                                                            ,,高新区-大寨路 大寨路1号,华府新桃园,500,1,月付短租 延平门地铁口 太和时代广场 金辉国际 东方米兰
20,"合租,朝南,有电梯,3/5号线",3,低层(共26层)                                                            ,,高新区-昆明路 丈八北路709号,爱西华庭,460,1,实图 爱西华庭 丈八北路 汉城南路地铁口 环普产业园 大寨路
15,"合租,朝南,3/5/6号线",3,中层(共6层)                                                            ,,高新区-高新路 高新路50号,皇家花园,700,1,实拍 科技路地铁口 高新一中 世纪金花 金鹰广场 知一自习室
25,"合租,朝南,有电梯,3/5号线",3,高层(共34层)                                                            ,,高新区-大寨路 纬一路,华洲城云顶,500,2,直租单间 华洲城云顶 无押金
35,"合租,朝南,有电梯",2,中层(共32层)                                                            ,,高新区-科技四路西段 高新六路43号,绿港花园,900,2,押一付一主卧飘窗 科技四路 立人科技 高新新天地 绿港花园
20,"合租,朝南,有电梯,5号线",3,高层(共17层)                                                            ,,高新区-昆明路 昆明路,昆明时光3区,500,1,石桥立交地铁口 吾悦广场 君和天玺 昆明时光 紫薇西塘可月付
35,"合租,朝南,有电梯,6号线",3,高层(共31层)                                                            ,,"高新区-丈八西路 科技八路,近丈八六路",罗马西西里,667,2,直租 押一付一 环普 数字出版基地 西三环 华为研究所 朝南
25,"合租,朝南,有电梯,3号线",4,低层(共12层)                                                            ,,高新区-科技路中段 科技路298号,紫薇臻品,850,2,独卫丈八北路地铁口 高新医院 西安软件园 紫薇臻品 配套齐全
30,"合租,朝南,有电梯,3/5号线",3,中层(共32层)                                                            ,,高新区-大寨路 大寨路99号,恒大城,600,0,实图月付 大寨路 高新医院  恒大城  中航华府  铭城国际
12,"合租,朝南,有电梯,3/5号线",4,高层(共33层)                                                            ,,高新区-大寨路 团结南路,融侨城(西区二三四期),450,2,团结南路 太和时代广场 金光门地铁口 精装次卧 拎包入住
25,"合租,朝南,有电梯,3号线",3,中层(共30层)                                                            ,,高新区-科技路西口 鱼化寨街,左岸春天,700,1,可月付 外事学院 左岸春天 天朗蓝湖树 鱼化寨 招干净室友
21,"合租,朝南,有电梯,3/5号线",3,中层(共31层)                                                            ,,"高新区-科技西路 科技路,近科技西路",枫韵蓝湾,655,2,西辛庄 朝南 丈八北路 外事学院 高新医院 唐兴路 科技路西
28,"合租,朝南,有电梯,3/5号线",3,低层(共32层)                                                            ,,"高新区-大寨路 大寨路,近无名路",晶鑫华庭,760,1,可月付 大寨路 晶鑫华庭 三家合租 朝南主卧 东方米兰无中介
20,"合租,朝南,3/5/6号线",5,高层(共7层)                                                            ,,高新区-高新四路 高新四路,天然气公司家属院(高新四路),800,0,天然气公司家属院高新四路800元新西兰大都荟南二环丰庆旺座国
27,"合租,朝南,有电梯,3/5/6号线",3,高层(共23层)                                                            ,,高新区-科技路 科技路20号,萨菲尔名邸,600,2,太白南路地铁口科技路地铁口之间 徐家庄 二十所 西安培华
28,"合租,朝南,有电梯,6号线",4,中层(共33层)                                                            ,,高新区-科技六路 双水磨路,保利双水磨小区,650,2,丈八北路环普产业园远西安软件园高新医院南窑头社区绿港花园
20,"合租,朝南,有电梯,3/5号线",3,中层(共30层)                                                            ,,高新区-昆明路 创新路南段80号,黄金嘉园,890,2,延平门，金光门地铁口，无任何杂费，直租房
35,"合租,朝南,有电梯,3/5/6号线",3,高层(共33层)                                                            ,,高新区-高新四路 高新三路2号,海佳云顶,599,2,短租，月付，高新四路 丰庆公园地铁口 财富中心 西安大都荟
90,"整租,南北,有电梯,6号线",3,高层(共30层)                                                            ,,高新区-木塔寺公园 科技六路,木塔永和坊,3400,1,科技六路 高新万达 洛克大厦 旺座现代城 木塔寺地铁口甘家寨
31,"合租,朝南,有电梯,3/5号线",4,低层(共28层)                                                            ,,"高新区-科技西路 科技路,近科技西路",枫韵蓝湾,600,0,直租单间  丈八北路地铁口枫韵蓝湾交通方 无押金
25,"合租,朝南,有电梯,3/5号线",3,高层(共33层)                                                            ,,"高新区-大寨路 大寨路,近丈八北路",铭城(西区),600,2,外事学院 铭城 西窑头 鱼化寨 恒大城 华洲城 精装全配
26.4,"合租,朝南,有电梯,3/5号线",3,中层(共33层)                                                            ,,"高新区-科技路西口 科技路,近高新六路",铂悦,650,2,丈八北路地铁口 外事学院 万象汇 大茂城 天朗蓝湖树 无中介
15,"合租,朝南,有电梯,3/5号线",3,中层(共32层)                                                            ,,高新区-大寨路 团结南路,融侨城(西区二三四期),450,1,月付 旺座国际 新西蓝 唐延路 延平门 华府新桃园
65,"整租,朝南,有电梯,6号线",1,中层(共32层)                                                            ,,高新区-木塔寺公园 科技六路,木塔永和坊,1800,1,科技六路 木塔寺公园地铁口 甘家寨 兰岛广场 太白里 木塔寨
55,"整租,朝南,有电梯,6号线",1,低层(共30层)                                                            ,,高新区-木塔寺公园 木塔寺路,万达长安龙胤,1800,1,新长安广场 锦业路 枫林绿洲 太白南路 木塔南苑 香榭兰岛
23,"合租,朝南,有电梯,6号线",5,低层(共28层)                                                            ,,高新区-科技六路 双水磨路,保利双水磨小区,700,0,科技四路 保利双水磨 押一付一 多套 随时看房 主卧次卧都有
28,"合租,朝南,有电梯,3/5号线",3,中层(共18层)                                                            ,,高新区-科技路中段 科技路西段239号,中华世纪城,800,1,可月付 延平门地铁口 枫叶新都市 旺座国际 新西蓝 丹枫国际
35,"合租,南北,有电梯,3/5号线",3,高层(共30层)                                                            ,,高新区-大寨路 团结南路,融侨城(西区二三四期),720,2,融侨城 超大单间 主卧 阳台 地铁 独卫 月付 大床 双地铁
30,"合租,朝南,有电梯,3/5号线",3,高层(共36层)                                                            ,,高新区-大寨路 科技路298号,响塘文苑,599,1,丈八北路地铁口 科技路 中晶科技广场 西安高新医院 紫薇臻品
28,"合租,朝南,有电梯",5,中层(共33层)                                                            ,,高新区-鱼化寨 鱼斗路,兴贺佳苑,750,0,兴贺佳苑南飞鸿十年城中软国际环普万家灯火美寓华庭多套单间
25,"合租,朝南,有电梯,3号线",3,低层(共32层)                                                            ,,"高新区-大寨路 科技西路,近丈八北路辅路",金辉高新云璟,500,2,无押金 直租单间 金辉高新云景  伟业公馆 西辛庄
30,"合租,朝南,有电梯,3/5/6号线",3,中层(共32层)                                                            ,,"高新区-高新路 高新路,近科创路",枫叶大厦,850,1,科技路 甘家寨地铁 高新一中 枫叶大厦主卧 可月付 随时看房
20,"合租,朝南,有电梯,3/5号线",3,高层(共28层)                                                            ,,"高新区-昆明路 沣惠南路,近昆明路",牡丹庄园,600,2,可短租 土门 金光门地铁站 太和时代广场 金辉国际 5号线
33,"合租,朝南,有电梯,3/5号线",3,低层(共18层)                                                            ,,高新区-科技路中段 科技路西段239号,中华世纪城,850,2,延平门地铁口 中华世纪城 枫叶新都市 旺座国际 大都荟随时看
30,"合租,朝南,有电梯,3/5号线",3,中层(共32层)                                                            ,,高新区-大寨路 大寨路,中航华府,550,0,实拍月付鱼化寨大寨路中航华府多套精美单间主卧独卫阳台房伍佰起
25,"合租,朝南,3/6号线",5,共5层                                                            ,,"高新区-高新四路 枫林路,近科技一路",文华阁,780,1,延平门地铁口 可月付 和盛京广 旺座 精美卧室
30,"合租,朝南,有电梯,3/5号线",3,中层(共30层)                                                            ,,"高新区-大寨路 丰盛路,近大寨路",华洲城天峰,700,1,鱼化寨地铁 环普 绿地国际花都 无中介 可月付 拎包入住
28,"合租,朝南,有电梯,6号线",3,低层(共33层)                                                            ,,高新区-科技六路 高新路1219号,万达天樾,600,2,六号线省体育馆地铁口 主卧阳台精装修 押一付一包网物业 直租
26,"合租,朝南,有电梯,3/5号线",5,高层(共35层)                                                            ,,高新区-大寨路 经十三路,华洲城熙悦都,550,0,实拍月付鱼化寨西窑头双地铁口华洲城熙悦都多套精美单间低至伍佰
26,"合租,朝南,有电梯,3/5号线",3,中层(共29层)                                                            ,,高新区-大寨路 大寨路,中航华府,500,2,鱼化寨地铁 押一付一 绿地鸿海 大寨路 外事学院 铭城小学
32,"合租,朝南,有电梯,6号线",3,低层(共28层)                                                            ,,高新区-唐延路 科技四路2号,天地源枫林绿洲,926,2,月付 木塔寺地铁口 木塔寺公园 旺座现代城 文理学院枫林绿洲
28,"合租,南北,有电梯,6号线",4,高层(共34层)                                                            ,,高新区-科技六路 双水磨路,保利双水磨小区,780,0,直租无套路新长安广厂西安软件园科技六路精美阳台单间押一付一
30,"合租,朝南,有电梯",3,高层(共28层)                                                            ,,高新区-科技四路西段 高新六路43号,绿港花园,750,1,可月付！可短租！西安软件园 南窑头 科技四路 摩尔中心
23,"合租,朝南,有电梯,3/5号线",3,低层(共32层)                                                            ,,"高新区-科技西路 科技路,近科技西路",枫韵蓝湾,600,2,丈八北路地铁口伟业公馆 枫韵蓝湾美立方考试大厦左岸春天蓝湖树
18,"合租,朝南,有电梯,6号线",4,低层(共28层)                                                            ,,"高新区-丈八西路 丈八六路,近科技八路",高新逸品,650,1,环普 软件新城 数字出版基地 华为研究所 半导体 丈八六路
30,"合租,朝南,有电梯,3/5号线",3,中层(共23层)                                                            ,,"高新区-昆明路 沣惠南路,近昆明路",牡丹庄园,766,2,金光门地铁口  牡丹庄园 三户合租太和时代广场 押一付一
38,"合租,朝南,有电梯,3/5号线",3,中层(共22层)                                                            ,,高新区-大寨路 纬一路,华洲城云顶,650,1,月付直租 华洲城云顶 鱼化寨地铁口 欣桥市场 环普直达公交
25,"合租,朝西,有电梯,3号线",3,中层(共31层)                                                            ,,高新区-鱼化寨 鱼斗路158号,复地优尚国际,500,2,月付 环普 鱼化寨 西三环 东方米兰国际城 南飞鸿十年城
30,"合租,朝南,有电梯,3/5号线",3,中层(共32层)                                                            ,,高新区-大寨路 大寨路2号,东方米兰,750,2,全女神 大寨路 东方米兰 莱安逸辉 晶鑫广场 红枫林 融侨城
25,"合租,南北,有电梯,1/5号线",3,低层(共30层)                                                            ,,"高新区-昆明路 汉城南路,近汉城东路",金辉优步花园,599,2,汉城南路地铁口 华东万锦广场 金辉优步花园 旭景新港 月付
28,"合租,朝南,有电梯,3号线",3,中层(共30层)                                                            ,,高新区-科技路 团结南路2号,高科新花园,800,1,可月付 西安高新医院 中晶科技广场 中华世纪城 精装直租
20,"合租,朝南,有电梯,6号线",3,中层(共30层)                                                            ,,高新区-木塔寺公园 科技六路6号,建邦华庭,999,1,无中介费物业费管理费建邦华庭 南北通透 精装修 木塔寺地铁口
23,"合租,朝南,有电梯,6号线",3,中层(共33层)                                                            ,,高新区-木塔寺公园 科技六路6号,建邦华庭,600,2,太白南路科技六路蓝岛广场木塔寺体育医院枫林绿洲悦熙广场甘家寨
51.4,"整租,朝东,有电梯,6号线",1,中层(共30层)                                                            ,,高新区-木塔寺公园 高新路88号,尚品国际,1800,0,木塔寺地铁口 尚品国际 一室开间可主册 看房方便停车方便
20,"合租,朝南,有电梯,6号线",3,低层(共9层)                                                            ,,高新区-唐延路 科技四路2号,天地源枫林绿洲,600,2,可月付 木塔寺地铁口 科技六路 高新万达 蓝岛广场 望亭国际
20,"合租,朝南,有电梯,3/5号线",3,高层(共35层)                                                            ,,高新区-大寨路 大寨路2号,东方米兰,699,2,丈八北路地铁口 晶鑫商业广场 紫薇臻品 牡丹庄园
25,"合租,朝南,有电梯,3/5号线",3,中层(共33层)                                                            ,,高新区-大寨路 大寨路1号,华府新桃园,588,1,金光门地铁口太和时代广场融侨城沣惠南路融侨城中华世纪城大寨路
21,"合租,朝南,有电梯,3/5号线",3,高层(共27层)                                                            ,,"高新区-大寨路 团结南路,近无名路",高新枫林华府,380,1,枫林华府 融侨城 金光门地铁 交通方便 拎包入住 可月付短租
25,"合租,南北,有电梯,6号线",3,中层(共33层)                                                            ,,高新区-科技六路 双水磨路,保利双水磨小区,750,2,无押金 科技六路 保利双水磨 玫瑰公馆 拎包入住 精装全配
35,"合租,朝南,有电梯,3/5号线",3,高层(共32层)                                                            ,,高新区-大寨路 团结南路,融侨城(西区二三四期),550,2,月付，延平门，东方米兰，九形道，团结南路中华世纪城多套单间
27,"合租,朝南,有电梯,3号线",3,中层(共33层)                                                            ,,"高新区-大寨路 科技西路,近丈八北路辅路",金辉高新云璟,500,2,丈八北路地铁口 押一付一 西安高新医院 万象汇 大茂城 直租
36,"合租,朝南,有电梯,3号线",3,中层(共33层)                                                            ,,高新区-科技路西口 唐兴路21号,都市春天,900,2,减免租金一个月高新医院 都市春天主卧独卫朝南带飘窗 有厨房
65,"整租,朝南,有电梯,6号线",1,中层(共33层)                                                            ,,高新区-木塔寺公园 永阳一巷,木塔南苑,2100,1,高新万达 绿地中心 都市之门 汇鑫IBC 中投国际 华陆科技
25,"合租,朝南,有电梯,5号线",3,中层(共31层)                                                            ,,"高新区-鱼化寨 富源三路,近富裕一路",紫薇西棠,500,2,月付 精装 环普产业园 吾悦广场 立讯学院 紫薇西塘
27,"合租,朝南,有电梯,5号线",5,中层(共10层)                                                            ,,"高新区-鱼化寨 富源三路,近富裕一路",紫薇西棠,550,0,直租特价500起单间西三环立讯学院紫薇西棠精美单间押一付一
20,"合租,朝南,有电梯,3/5号线",3,中层(共33层)                                                            ,,"高新区-科技路西口 科技路,近高新六路",铂悦,500,2,独立厨房 丈八北路地铁口 高新云璟 铂悦 都市印象 唐兴数码
25,"合租,朝北,有电梯,3/5号线",3,低层(共33层)                                                            ,,"高新区-大寨路 创新路,近大寨路",融侨城(东区一期),1150,2,融侨城 主卧独卫延平门  金光门地铁口，无中介管理费  直租
30,"合租,朝南,有电梯,3/5号线",5,中层(共30层)                                                            ,,高新区-大寨路 大寨路,中航华府,500,0,（直租）月付 中航华府包物业网精装 大寨路   鱼化寨地铁口
41.5,"整租,朝南,有电梯,6号线",1,中层(共28层)                                                            ,,高新区-木塔寺公园 科技六路,香榭兰岛,2000,1,高新万达 太白南路 摩尔中心 禾盛京广 延长石油 都市之门
25,"合租,朝南,有电梯,3/5号线",4,低层(共34层)                                                            ,,高新区-大寨路 纬一路,华洲城云顶,650,1,实图月付环普 中软  阿里巴巴 数字出版科技 欧森国际精装修
30,"合租,朝南,有电梯,3/5号线",3,低层(共32层)                                                            ,,高新区-大寨路 纬一路,华洲城云顶,550,0,直租月付无中介费 3号线鱼化寨地铁口 环普产业园 欣桥市场
25,"合租,朝南,有电梯,3/5号线",4,中层(共33层)                                                            ,,高新区-大寨路 大寨路,中航华府,550,0,实图月付，地铁口，交通便利，环普产业园，新加坡腾飞，精装修
20,"合租,朝南,有电梯,3号线",3,低层(共18层)                                                            ,,高新区-唐延路 沣惠南路2号,枫叶新都市,800,2,押一付一 延平门地铁口 枫叶新都市 主卧 次卧 多套可挑全包
21,"合租,朝南,有电梯,3号线",2,中层(共24层)                                                            ,,高新区-科技路西口 富鱼路45号,风度天城,890,1,无中介 可月付 丈八北路地铁口 外事学院 科技西路 枫韵蓝湾
28,"合租,朝南,有电梯,3/5号线",3,低层(共30层)                                                            ,,高新区-大寨路 丈八北路575号,旭景碧泽园,699,2,丈八北路地铁口  大寨路 精装修 房间宽敞明亮 无中介
27,"合租,朝南,有电梯,3/5号线",3,高层(共31层)                                                            ,,高新区-科技路西口 高新六路北段6号,中国铁建瑞园,600,2,押一付一 高新医院 西辛庄 大寨路 延平门 伟业公馆 随时看
36,"合租,朝南,有电梯,3/5号线",3,高层(共33层)                                                            ,,"高新区-大寨路 创新路,近大寨路",融侨城(东区一期),850,2,可月付 金光门 汉城南路5号线 原互型石墙次卧 主卧 新空调
15,"合租,朝南,3/5/6号线",3,中层(共6层)                                                            ,,高新区-高新路 高新路50号,皇家花园,699,1,特价空调房 科技路地铁口 高新一中 尚中心 自习室 三户合租
31.6,"合租,朝南,有电梯,3/5/6号线",4,低层(共10层)                                                            ,,高新区-科技路 科技路209号,新西蓝(一期),650,1,直租月付 延平门 沣惠南路 高新医院 旺座国际城 卜蜂莲花
28,"合租,朝南,有电梯,3/5号线",3,中层(共26层)                                                            ,,高新区-大寨路 团结南路,融侨城(西区二三四期),630,2,融侨城 丈八北路地铁口 大寨路 高新大都荟 旺座城 延平门
35,"合租,朝南,有电梯",3,低层(共33层)                                                            ,,高新区-科技四路西段 高新六路43号,绿港花园,850,2,兄弟 闺蜜房 双人大床 南窑头社区 西安软件园 绿港花园
20,"合租,朝南,有电梯,6号线",3,低层(共31层)                                                            ,,"高新区-陕西大会堂 西户公路,近经五路",金泰新理城,450,1,华为研究所 环普产业 欧森国际 中软国际 西安软件 陕西宾馆
20,"合租,朝南,有电梯,3号线",3,低层(共33层)                                                            ,,"高新区-大寨路 科技西路,近丈八北路辅路",金辉高新云璟,600,2,押一付一 科技路西口 高新云璟 都市印象 烽火科技园 方圆荟
15,"合租,朝南,3/5/6号线",3,中层(共6层)                                                            ,,高新区-高新路 高新路50号,皇家花园,700,1,实拍 科技路地铁口 高新一中 世纪金花 金鹰广场 知一自习室
25,"合租,朝南,有电梯,3/5/6号线",3,低层(共28层)                                                            ,,"高新区-高新四路 高新四路,近科技路",世纪颐园,655,1,月付 延平门 旺座国际城 西辛庄 中晶科技广场 外事学院
26,"合租,朝南,有电梯",3,中层(共29层)                                                            ,,"高新区-鱼化寨 西三环,近科技六路",云水壹号,749,2,华为 环普产业园 数字出版基地 腾飞科汇城 软件新城 雷家寨
25,"合租,朝南,有电梯,3/5号线",4,低层(共34层)                                                            ,,高新区-大寨路 纬一路,华洲城云顶,650,1,实图月付环普 中软  阿里巴巴 数字出版科技 欧森国际精装修
21,"合租,朝南,有电梯,3/5号线",2,中层(共33层)                                                            ,,"高新区-昆明路 沣惠南路,近昆明路",牡丹庄园,750,1,可月付 全女生 金光门地铁口 华府新桃园 牡丹庄园 拎包入住
65,"整租,朝南,有电梯,6号线",1,中层(共32层)                                                            ,,高新区-木塔寺公园 科技六路,木塔永和坊,1800,1,科技六路 木塔寺公园地铁口 甘家寨 兰岛广场 太白里 木塔寨
38,"合租,朝南,有电梯,3/5号线",3,中层(共22层)                                                            ,,高新区-大寨路 纬一路,华洲城云顶,650,1,月付直租 华洲城云顶 鱼化寨地铁口 欣桥市场 环普直达公交
23,"合租,朝南,有电梯,6号线",3,高层(共12层)                                                            ,,高新区-科技六路 科技七路2号,木塔寨家属院,499,2,月付 省体育馆地铁 高新万达 木塔寺 旺座现代城 橡树街区
28,"合租,南北,有电梯,6号线",4,高层(共34层)                                                            ,,高新区-科技六路 双水磨路,保利双水磨小区,780,0,直租无套路新长安广厂西安软件园科技六路精美阳台单间押一付一
28,"合租,朝南,有电梯",3,低层(共28层)                                                            ,,高新区-科技四路西段 高新六路43号,绿港花园,880,2,月付直租！（超大空间）科技四路 绿港花园 南窑头 可做饭
32,"合租,朝南,有电梯,3/5号线",3,中层(共32层)                                                            ,,高新区-科技六路 团结南路18号,盛景园,720,1,大寨路 团结南路 高新医院 中晶科技广场 紫薇臻品 盛景园
23,"合租,朝南,有电梯,6号线",3,低层(共16层)                                                            ,,高新区-唐延路 科技四路2号,天地源枫林绿洲,820,1,木塔寺地铁口 旺座现代城 实墙主卧带独立卫浴 科技四路
33,"合租,朝南,有电梯,3/5/6号线",3,低层(共30层)                                                            ,,高新区-科技路 科技路18号,新科大厦,700,1,捡漏房源 可月付 3号线 科技路 太白南路 太白小区附近主卧
30,"合租,朝南,有电梯,6号线",3,低层(共15层)                                                            ,,高新区-唐延路 科技四路2号,天地源枫林绿洲,980,2,月付直租阳台房雁塔区科技四路西安文理 6号线木塔寺 万达
20,"合租,南北,有电梯,3/5号线",2,高层(共30层)                                                            ,,"高新区-大寨路 团结南路,近大寨路",中建群贤汇,850,1,短租月付 三户合租 阳台 独卫 次卧 公用厨房 融侨城 精装
26,"合租,朝南,有电梯,3/5号线",3,高层(共28层)                                                            ,,高新区-科技六路 团结南路18号,盛景园,720,1,可月付 团结南路 大寨路 高新医院 实墙带阳台 中华世纪城
24,"合租,朝南,有电梯,3/5号线",3,低层(共30层)                                                            ,,高新区-大寨路 纬一路,华洲城云顶,700,1,无押金 鱼化寨地铁口 华州城云顶 欣桥市场。
25,"合租,朝南,有电梯,3号线",3,中层(共28层)                                                            ,,高新区-科技路西口 科技路299号,伟业公馆,500,2,丈八北路地铁 西安高新医院 中晶科技广场 万象汇 伟业公馆
30,"合租,朝南,有电梯",3,低层(共28层)                                                            ,,高新区-科技四路西段 高新六路43号,绿港花园,800,2,女神房 高新六路 南窑头 绿港花园 夏日景色 龙城铭园
20,"合租,朝南,有电梯,6号线",3,中层(共31层)                                                            ,,高新区-都市之门 太白南路39号,天正幸福里,450,1,天正幸福里 锦业时代 中投国际 锦业路 丈八一路 陕煤小区
30,"合租,朝南,有电梯,3/5号线",3,中层(共32层)                                                            ,,"高新区-大寨路 大寨路,近无名路",晶鑫华庭,960,1,大寨路 安琪儿医院 晶鑫广场 东方米兰 晶鑫华庭 三室合租
25,"合租,朝南,有电梯,3号线",3,中层(共18层)                                                            ,,高新区-科技路西口 科技路299号,伟业公馆,600,1,月付 丈八北路 伟业公馆 紫薇臻品 中晶科技广场 高新医院
45,"合租,朝南,有电梯",3,低层(共33层)                                                            ,,高新区-科技六路 丈八北路,茶张馨苑,700,2,无中介费 茶张馨苑 科技六路 丈八北路 陕西大会堂 外事学院
25,"合租,朝南,有电梯,3/5/6号线",4,高层(共23层)                                                            ,,高新区-科技路 科技路20号,萨菲尔名邸,700,1,科技路地铁口 徐家庄 萨菲尔名邸 导航南苑 新科花园
20,"合租,朝南,有电梯,3/5号线",3,高层(共32层)                                                            ,,"高新区-大寨路 西三环,近纬一路",石桥欣苑,800,1,鱼化寨地铁口 欣桥市场 环普产业园 中软国际 石桥新苑无中介
26,"合租,朝南,有电梯,3/5号线",3,中层(共15层)                                                            ,,"高新区-科技路西口 科技路,近高新六路",铂悦,699,2,无中介丈八北路地铁口 中晶科技广场 高新医院 睿中心 万象汇
20,"合租,朝南,有电梯,3/5号线",3,中层(共28层)                                                            ,,"高新区-昆明路 沣惠南路,近昆明路",牡丹庄园,750,1,可月付 金光门地铁口 牡丹庄园 主卧带阳台 独立水源 无中介
36,"合租,朝南,有电梯,3/5号线",3,中层(共33层)                                                            ,,高新区-大寨路 大寨路1号,华府新桃园,900,1,免租金一个月 大寨路 华府新桃园 南向超大卧室大飘窗 可月付
30.5,"合租,朝南,有电梯,3号线",4,低层(共30层)                                                            ,,高新区-丈八北路 丈八北路380号,天朗蓝湖树,870,1,超大阳台 外事学院 丈八北路地铁口 天朗蓝湖树 都市印象
28,"合租,朝南,有电梯,3号线",3,中层(共30层)                                                            ,,高新区-唐延路 沣惠南路2号,枫叶新都市,599,2,精装大阳台朝南急租（枫叶新都市出租）延平门地铁口 中华世纪城
30.7,"合租,朝南,有电梯,3号线",3,中层(共33层)                                                            ,,"高新区-大寨路 科技西路,近丈八北路辅路",金辉高新云璟,650,2,主卧独卫 押一付一 丈八北路地铁口 高新云璟 精装全配 直租
25,"合租,朝北,有电梯,3/5号线",3,中层(共33层)                                                            ,,高新区-大寨路 团结南路,融侨城(西区二三四期),850,2,延平门金光门地铁口，融侨城
24,"合租,朝南,有电梯,3/5号线",3,中层(共30层)                                                            ,,"高新区-科技路西口 科技路,近丈八北路",都市印象SOLO街区,600,2,无中介 丈八北路 科技路 高新六路 环普 软件园 大茂城短租
25,"合租,朝南,有电梯,3/5号线",3,中层(共33层)                                                            ,,"高新区-科技路西口 科技路,近高新六路",铂悦,699,2,首月免租金 丈八北路地铁口 铂悦 高新云景  无中介 可短租
28,"合租,朝南,有电梯,3/5号线",3,中层(共28层)                                                            ,,"高新区-大寨路 大寨路,近丈八北路",新乐城,500,2,可月付 可短租 丈八北路地铁口 新乐城 大茂城 次卧出租
25,"合租,朝南,有电梯",4,中层(共32层)                                                            ,,"高新区-鱼化寨 西三环,近科技六路",云水壹号,650,1,环普产业园直达 软件新城 数字出版基地 腾飞科汇城 欧森国际
28,"合租,朝南,有电梯,3/5号线",3,高层(共33层)                                                            ,,"高新区-大寨路 西三环,近纬一路",石桥欣苑,650,1,鱼化寨地铁口 罗曼尼 石桥欣苑 拎包入住 精装全配 无中介
25,"合租,朝南,有电梯,3/5号线",3,高层(共32层)                                                            ,,高新区-大寨路 大寨路1号,华府新桃园,900,1,押一付一 金光门地铁 太和时代广场 金辉国际 主卧 拎包入住
30,"合租,朝南,有电梯,3/5号线",3,中层(共30层)                                                            ,,"高新区-昆明路 沣惠南路,近昆明路",牡丹庄园,850,1,金光门地铁口 太和时代广场 昆明路 无中介 拎包入住 可做饭
20,"合租,朝南,有电梯,3号线",3,低层(共18层)                                                            ,,高新区-唐延路 沣惠南路2号,枫叶新都市,800,2,押一付一 延平门地铁口 枫叶新都市 主卧 次卧 多套可挑全包
95,"整租,朝南,有电梯,6号线",2,中层(共32层)                                                            ,,高新区-都市之门 太白南路39号,天正幸福里,2200,1,太白南路 西万路口 都市之门 东方航空 华陆大厦 中兴产业园
26,"合租,朝南,有电梯",3,中层(共32层)                                                            ,,高新区-科技四路西段 高新六路43号,绿港花园,500,2,直租单间 绿港花园 无押金 次卧独卫均有
30,"合租,朝南,有电梯,3/5号线",3,高层(共34层)                                                            ,,高新区-大寨路 科技路298号,响塘文苑,650,1,丈八北路地铁口 西安高新医院 西安大都荟 科技路 高新六路
40,"合租,朝南,有电梯,3/5号线",2,中层(共25层)                                                            ,,"高新区-大寨路 大寨路,近无名路",晶鑫华庭,1300,1,大阳台主卧 丈八北路 大寨路 华润万家 软件园 伟业公馆
20,"合租,朝南,有电梯,6号线",2,高层(共18层)                                                            ,,高新区-科技六路 科技六路23号,数字空间,870,1,loft（复式）数字空间 木塔寺 新长安广场 海升酒店 月付
30,"合租,朝南,有电梯,3号线",3,中层(共30层)                                                            ,,"高新区-大寨路 科技西路,近丈八北路辅路",金辉高新云璟,820,1,丈八北路地铁口 金辉高新云璟 主卧独卫 有公用厨房 随时看房
40,"合租,朝南,有电梯,3/5号线",2,中层(共25层)                                                            ,,"高新区-大寨路 大寨路,近无名路",晶鑫华庭,1300,1,大阳台主卧 丈八北路 大寨路 华润万家 软件园 伟业公馆
26,"合租,朝南,有电梯,3号线",3,中层(共29层)                                                            ,,"高新区-科技路西口 高新六路,近科技路",米罗蓝山,500,2,丈八北路地铁 中晶科技广场 阳台 西安高新医院 米罗蓝山直租
20,"合租,朝南,有电梯,6号线",3,低层(共33层)                                                            ,,高新区-科技六路 团结南路,南窑头社区西区,600,1,月付茶张馨苑国宾中央区保利双水磨陕西宾馆利君明天赢园雅筑
20,"合租,朝南,有电梯,3/5号线",2,中层(共32层)                                                            ,,高新区-大寨路 大寨路2号,东方米兰,850,1,可月付 可短租 主卧落地窗 大寨路 东方米兰 晶鑫广场 随住
26,"合租,朝南,有电梯,6号线",5,低层(共27层)                                                            ,,高新区-丈八北路 硕士路,中圣绿苑,700,0,创汇路中圣绿苑创汇社区紫薇田园都市锦业居多套单间可月付可短租
25,"合租,朝南,有电梯,3/5号线",3,中层(共22层)                                                            ,,"高新区-科技西路 科技路,近科技西路",枫韵蓝湾,700,2,首月免租金 丈八北路地铁口 枫韵蓝湾 天朗蓝湖树 直租无中介
23,"合租,朝南,有电梯,3号线",3,低层(共33层)                                                            ,,高新区-鱼化寨 西三环,绿地国际花都(南区),500,2,可月付 鱼化寨地铁口 环普软件园 华为研究所 绿地国际花都
29,"合租,朝南,有电梯,6号线",3,中层(共29层)                                                            ,,高新区-逸翠园 锦业二路10号,逸翠园(别墅),600,1,月付直租丈八一路泰威智链中兴产业园中投国际绿地中心领海智海
25,"合租,朝南,有电梯,6号线",4,中层(共20层)                                                            ,,高新区-唐延路 科技四路2号,天地源枫林绿洲,950,2,可月付木塔寺地铁口 洛克大厦 新长安广场 高新万达 主卧飘窗
35,"合租,朝南,有电梯,3/5/6号线",5,中层(共30层)                                                            ,,高新区-科技路 科技路20号,萨菲尔名邸,1399,0,直租科技路地铁口 萨菲尔大厦超大主卧独卫首租随时带看无中介费
25,"合租,朝南,有电梯",3,中层(共31层)                                                            ,,高新区-鱼化寨 天谷五路,漳浒寨雷家寨安置楼,750,2,月付 环普产业园 腾飞科汇城 欧森国际 数字出版社 半导体
31,"合租,朝南,6号线",2,中层(共27层)                                                            ,,高新区-丈八西路 丈八西路,西滩村安置小区,1000,1,西三环  华为 半导体 中软 环普 西沙湖花园 全女生合租
20,"合租,朝南,有电梯,3/5号线",3,中层(共30层)                                                            ,,高新区-昆明路 创新路南段80号,黄金嘉园,890,2,延平门，金光门地铁口，无任何杂费，直租房
30,"合租,朝南,有电梯,3/5号线",3,中层(共30层)                                                            ,,高新区-大寨路 科技路298号,响塘文苑,750,2,短租月付，丈八北路，公用厨房，独立洗衣机，朝南大阳台
18,"合租,朝北,有电梯,6号线",5,高层(共32层)                                                            ,,高新区-锦业路 锦业路40号,西港雅苑,580,1,锦业路丈八四路西港雅苑合租公寓次卧阳光房采光好干净卫生可月付
30.7,"合租,朝南,有电梯,3号线",3,中层(共33层)                                                            ,,"高新区-大寨路 科技西路,近丈八北路辅路",金辉高新云璟,599,2,带阳台 独立水源 科技路西口 外事学院 高新云璟 天朗蓝湖树
30,"合租,朝南,有电梯,3/5号线",3,低层(共18层)                                                            ,,高新区-大寨路 团结南路,融侨城(西区二三四期),550,2,融侨城次卧，大寨路，晶鑫广场，丈八北路地铁口，河马鲜生
30,"合租,朝南,有电梯",3,高层(共32层)                                                            ,,高新区-科技四路西段 高新六路43号,绿港花园,850,2,科技四路 普生大厦 立人科技 西安软件园 绿港花园 押一付一
29,"合租,朝南,有电梯,3/5号线",5,高层(共34层)                                                            ,,高新区-大寨路 经十三路,华洲城熙悦都,500,0,直租无套路 多套精美单间主卧独卫 鱼化寨 西窑头 欣桥市场
27,"合租,朝南,有电梯,3/5号线",5,低层(共33层)                                                            ,,高新区-大寨路 大寨路,中航华府,550,0,实拍月付无中介费鱼化寨大寨路中航华府多套精美单间低至伍佰
30,"合租,朝南,有电梯,6号线",3,中层(共33层)                                                            ,,高新区-丈八西路 丈八四路,丈八一号,750,2,月付丈八四路地铁口 罗马景福城 缤纷南郡 丈八一号 高科尚都
25,"合租,朝南,有电梯,3/5号线",3,高层(共34层)                                                            ,,高新区-大寨路 纬一路,华洲城云顶,500,2,直租 鱼化寨地铁口 华洲城云顶 无押金
30,"合租,朝南,有电梯,3号线",4,中层(共33层)                                                            ,,"高新区-大寨路 科技西路,近丈八北路辅路",金辉高新云璟,650,0,实图月付 丈八北路地铁口 金辉高新云璟 外事学院 风度天诚
20,"合租,朝南,有电梯,3/5号线",3,中层(共32层)                                                            ,,高新区-大寨路 大寨路,中航华府,800,2,押一付一 鱼化寨地铁口 大寨路 外事学院 南飞鸿 恒大城
25,"合租,朝南,有电梯,3/5号线",3,高层(共32层)                                                            ,,高新区-大寨路 纬一路,华洲城云顶,588,2,月付独卫 鱼化寨 环普直达车 科技路西口 中软国际 西三环
25,"合租,朝南,有电梯,3/5号线",3,中层(共23层)                                                            ,,高新区-大寨路 团结南路200号,中建国熙台,550,2,中建国熙台月付，延平门，丈八北路，大寨路，陈家庄，次卧带飘窗
35,"合租,朝南,有电梯,3/5号线",3,中层(共18层)                                                            ,,高新区-大寨路 大寨路,中航华府,650,1,月付单间 大寨路 鱼化寨 中航华府 铭城国际 恒大城 西三环
28,"合租,朝东,有电梯,3号线",2,低层(共32层)                                                            ,,"高新区-大寨路 科技西路,近丈八北路辅路",金辉高新云璟,750,2,月付丈八北路鱼化寨地铁口高新云璟外事学院伟业公馆天朗蓝湖树
32,"合租,南北,有电梯,6号线",4,高层(共34层)                                                            ,,高新区-科技六路 双水磨路,保利双水磨小区,550,0,毕业季学生特价无中介多套精美单间主卧独卫立人科技园科技六路
27,"合租,朝南,有电梯,3/5号线",3,低层(共33层)                                                            ,,高新区-大寨路 大寨路2号,东方米兰,699,2,东方米兰大寨路 晶鑫商业广场港 精装修电梯房 无中介可随时看
35,"合租,南北,有电梯,3/5号线",4,高层(共33层)                                                            ,,高新区-大寨路 纬一路,华洲城云顶,780,2,鱼化寨地铁口 华洲城云顶 环普软件园 东方米兰国际城 月付
25,"合租,朝南,有电梯,3号线",3,中层(共33层)                                                            ,,高新区-科技西路 科技路82号,城市风景都市印象,630,1,丈八北路地铁口 西安外事学院 西安高新医院 睿中心 万象汇
25,"合租,朝南,有电梯,3号线",3,低层(共32层)                                                            ,,高新区-高新一中 科技二路78号,城市风景夏日景色(1区),650,2,可月付免租一月 西安软件园 科技二路 高新医院 光电园 主卧
25,"合租,朝南,有电梯,3号线",4,低层(共33层)                                                            ,,"高新区-大寨路 科技西路,近丈八北路辅路",金辉高新云璟,700,0,直租月付 科技路西口 高新云璟 都市印象 烽火科技园 方圆荟
35,"合租,朝南,有电梯,6号线",5,高层(共33层)                                                            ,,高新区-丈八西路 丈八四路,丈八一号,750,0,锦业路 丈八四路地铁口 罗马景福城 独立厨房间 冰箱
20,"合租,朝南,有电梯,6号线",3,高层(共27层)                                                            ,,高新区-高新一中 唐延路31号,地电广场,699,2,木塔寺地铁口 科技六路 新长安广场 唐延南路 旺座现代城
30,"合租,朝南,有电梯,3号线",3,高层(共32层)                                                            ,,高新区-鱼化寨 西三环,绿地国际花都(南区),1350,2,鱼化寨地铁口 欧森国际 鸿海大厦 绿地国际花都 主卧独卫精装
20,"合租,南北,有电梯,3号线",4,共5层                                                            ,,高新区-鱼化寨 西三环,鸿锦城罗曼尼,680,3,罗曼尼 鱼化寨地铁口 环普软件园 别墅区 独立电表 每周保洁
15,"合租,朝南,有电梯,3/5号线",3,中层(共32层)                                                            ,,高新区-大寨路 团结南路,融侨城(西区二三四期),450,1,月付 旺座国际 新西蓝 唐延路 延平门 华府新桃园
30,"合租,朝南,3/6号线",3,高层(共7层)                                                            ,,"高新区-高新路 科技一路,近枫林路",鸿景花园,680,2,月付 甘家寨地铁口 禾盛京广 科技一路 高新医院 高新一中
40,"合租,朝南,有电梯,3/5号线",3,高层(共33层)                                                            ,,"高新区-大寨路 团结南路,近无名路",高新枫林华府,980,1,主卧独卫 5号线汉城南路地铁口 安琪儿医院 大寨路 丈八北路
25,"合租,朝南,有电梯,3/5号线",3,低层(共31层)                                                            ,,高新区-大寨路 大寨路2号,东方米兰,700,2,首月免租金 高新区 大寨路 东方米兰 团结南路 高新医院
28,"合租,朝南,有电梯,6号线",4,高层(共33层)                                                            ,,高新区-科技六路 双水磨路,保利双水磨小区,650,1,直租 月付 新长安 西安软件园 环普 旺座现代城 摩尔中
25,"合租,朝南,有电梯,3/5号线",3,高层(共34层)                                                            ,,高新区-大寨路 纬一路,华洲城云顶,677,2,月付 主卧独卫 环普直达车 鱼化寨科技路西口 西三环 阿房路
28,"合租,朝南,有电梯,3/5号线",3,中层(共22层)                                                            ,,高新区-大寨路 纬一路,华洲城云顶,580,1,月付 鱼化寨地铁口 欣桥市场 华洲城云顶 中航华府 大寨路
25,"合租,朝南,有电梯,6号线",3,中层(共32层)                                                            ,,高新区-科技六路 双水磨路,保利双水磨小区,500,2,直租单间 保利双水磨 西安软件园 科技六路 无押金
29,"合租,朝南,有电梯,6号线",3,低层(共30层)                                                            ,,高新区-高新一中 唐延路31号,地电广场,699,2,木塔寺地铁 新长安广场 摩尔中心 中大国际 科技二路 甘家寨
15,"合租,朝南,有电梯,6号线",3,低层(共15层)                                                            ,,高新区-科技六路 科技七路2号,木塔寨家属院,450,1,新长安广场旺座现代城橡树省体育馆绿地中心汇鑫IBC丈八一路
95,"整租,朝南,有电梯,6号线",2,中层(共33层)                                                            ,,高新区-都市之门 太白南路39号,天正幸福里,2200,1,近都市之门 华陆大厦 永利金融中心 陕煤小区 天安人寿 朝南
30,"合租,朝南,有电梯,3号线",2,低层(共32层)                                                            ,,高新区-丈八北路 丈八北路380号,天朗蓝湖树,890,2,丈八北路地铁口 利君明天 天朗蓝湖树 风度天城 枫韵蓝湾
25,"合租,朝南,有电梯",3,高层(共34层)                                                            ,,"高新区-鱼化寨 西三环,近科技六路",云水壹号,699,2,主卧独卫 环普产业园 数字出版基地 软件新城 腾飞科汇城月付
113,"整租,南北,有电梯,3/5号线",3,高层(共32层)                                                            ,,"高新区-大寨路 创新路,近大寨路",融侨城(东区一期),3699,2,金光门地铁口 融侨城 大寨路 太和时代广场 安琪儿医院两卫
30,"合租,朝南,有电梯",3,低层(共18层)                                                            ,,"高新区-高新一中 丈八北路,近科技四路",城市风景夏日景色(2区),920,1,月付科技二路 西安软件园 启迪中心 万象汇 夏日景色 大阳台
30,"合租,朝南,有电梯,6号线",3,低层(共28层)                                                            ,,高新区-科技六路 科技六路23号,数字空间,750,2,木塔寺 科技六路 新长安 数字空间 坤元time 糖果
25,"合租,朝南,有电梯,3/5号线",3,中层(共32层)                                                            ,,高新区-大寨路 大寨路1号,华府新桃园,650,2,直租 华府新桃园 金光门地铁口 群贤庄 莱安逸境 创新路南段
26,"合租,朝南,有电梯,3/5号线",3,中层(共33层)                                                            ,,高新区-大寨路 丈八北路575号,旭景碧泽园,600,2,旭景碧泽园 爱西华庭 枫林华府 大都荟 枫韵蓝湾 直租无中介
24,"合租,朝南,有电梯,3号线",3,高层(共34层)                                                            ,,"高新区-大寨路 科技西路,近丈八北路辅路",金辉高新云璟,600,2,直租无中介 丈八北路 环普 外事南区 高新医院 科技二路
15,"合租,朝北,有电梯,6号线",5,低层(共33层)                                                            ,,高新区-丈八西路 丈八四路,丈八一号,750,0,丈八四路 大会堂 嘉昱大厦 罗马景福城 丈八一号 精装次卧
15,"合租,南北,有电梯,3号线",4,低层(共9层)                                                            ,,高新区-科技路西口 富鱼路45号,风度天城,399,3,丈八北路地铁口 风度天城 天朗蓝湖树 都市印象 科技路西口
28,"合租,朝南,有电梯,3号线",4,中层(共33层)                                                            ,,"高新区-大寨路 科技西路,近丈八北路辅路",金辉高新云璟,650,1,直租，月付，丈八北路地铁口，高新医院，外事学院，主卧次卧都有
15,"合租,朝南,有电梯,3/5号线",3,中层(共28层)                                                            ,,"高新区-大寨路 大寨路,近无名路",晶鑫华庭,750,1,可月租，延平门地铁口，晶鑫华庭.东方米兰，盛景园，
19,"合租,朝北,有电梯,6号线",5,中层(共27层)                                                            ,,高新区-丈八西路 科技八路104号,美寓华庭,800,0,科技八路 华为中软环普现代企业中心东滩社区美寓华庭可月付
36,"合租,朝南,有电梯,3/5号线",3,高层(共33层)                                                            ,,高新区-大寨路 团结南路,融侨城(西区二三四期),900,2,减免租金一个月 融侨城 南向超大主卧带落地全景阳台独卫 月付
28,"合租,朝南,有电梯,6号线",2,高层(共19层)                                                            ,,"高新区-科技六路 科技五路,近沣惠南路",数字生活,800,1,数字生活  木塔寺地铁口 新长安广场 摩尔中心 洛克大厦
28,"合租,朝南,有电梯,3号线",5,低层(共33层)                                                            ,,"高新区-鱼化寨 富鱼路,近经十五路",金泰怡景花园,600,0,直租 月付 西三环 环普直达车 软件新城 主卧独卫 多间可选
31,"合租,朝南,有电梯,3/5号线",3,高层(共31层)                                                            ,,高新区-鱼化寨 鱼跃路,绿地国际花都(北区),830,1,环普直达 鱼化寨地铁口 绿地国际花都 石桥欣苑 金泰怡景花园
15,"合租,朝南,有电梯,5号线",3,中层(共33层)                                                            ,,"高新区-大寨路 大寨路,近丈八北路",金域牟嘉,400,2,月付  丈八北路地铁口  西窑头地铁口 恒大城 创业小单间
25,"合租,朝南,有电梯,3/5号线",3,中层(共33层)                                                            ,,高新区-大寨路 团结南路,融侨城(西区二三四期),880,2,延平门地铁口，无中介管理费用，直租房
30,"合租,朝南,有电梯,3号线",4,中层(共32层)                                                            ,,"高新区-大寨路 科技西路,近丈八北路辅路",金辉高新云璟,680,0,月付 高新医院 延平门地铁 高新大都荟 天朗蓝湖树 云璟主卧
35,"合租,西北,有电梯,6号线",4,高层(共33层)                                                            ,,高新区-科技六路 双水磨路,保利双水磨小区,699,3,短租 无中介费 精装 独卫 高新医院 西安软件园 环普科技
25,"合租,朝南,有电梯,3/5号线",3,低层(共28层)                                                            ,,高新区-科技路中段 科技路西段239号,中华世纪城,588,2,无中介主卧独卫月付 次卧独卫都有 延平门 大都荟 旺座国际城
15,"合租,朝南,有电梯,6号线",3,中层(共30层)                                                            ,,高新区-锦业路 锦业路36号,旗远锦樾,700,2,月付华陆大厦汇鑫IBC嘉昱大厦中投 锦业时代丈八一路东方航空
36,"合租,朝南,有电梯,3/5号线",3,高层(共33层)                                                            ,,"高新区-大寨路 创新路,近大寨路",融侨城(东区一期),800,2,可月付金光门太和时代 融侨城 石墙原户型大次卧 采光特别好
24,"合租,朝南,有电梯,3/5号线",3,高层(共32层)                                                            ,,"高新区-大寨路 大寨路,近丈八北路",铭城(西区),600,2,鱼化寨 恒大城 汉城南路 外事学院 铭城 大寨路 华洲城精装
30,"合租,东南,有电梯,3/5号线",3,高层(共30层)                                                            ,,"高新区-科技路西口 科技路,近高新六路",铂悦,900,2,丈八北路地铁口 唐南香榭 铂悦 次卧 可短租三个月 押一付一
25,"合租,朝南,有电梯,6号线",4,中层(共34层)                                                            ,,高新区-都市之门 太白南路39号,天正幸福里,600,1,短租 都市之门 中投国际 丈八一路 领海大厦 万熙天地 立丰
105.8,"整租,南北,有电梯,6号线",3,高层(共26层)                                                            ,,高新区-都市之门 太白南路39号,天正幸福里,2500,2,锦业路双子塔都市之门 丈八一路地铁口 幸福里 北沈 精装首租
31,"合租,朝南,有电梯",3,低层(共16层)                                                            ,,"高新区-科技西路西段 丈八北路,近科技四路",鸿基新城祥园,650,2,押一付一 新长安广场 软件园 高新医院 腾飞创新中心 环普
30,"合租,朝南,有电梯,3/5号线",3,高层(共33层)                                                            ,,"高新区-大寨路 大寨路,近无名路",晶鑫华庭,900,2,晶鑫华庭 大寨路 拎包入住 东方米兰 晶鑫商业广场 可月付
32,"合租,朝南,有电梯,3号线",3,低层(共26层)                                                            ,,高新区-科技路西口 富鱼路45号,风度天城,860,2,可短租 月付无中介直租 科技路丈八北路地铁口风度天城精装全配
26,"合租,朝南,有电梯,3/5/6号线",3,高层(共15层)                                                            ,,"高新区-高新一中 高新路,近科技一路",枫叶广场(一期),700,2,甘家寨地铁口 含光佳苑高新水晶城枫叶广场枫叶高层糜家桥甘家寨
30,"合租,朝南,有电梯",2,低层(共28层)                                                            ,,高新区-科技四路西段 高新六路43号,绿港花园,750,1,科技四路 绿港花园 主卧阳台 三家合租 和发智能大厦 无中介
32.2,"合租,朝南,有电梯,6号线",3,低层(共33层)                                                            ,,高新区-科技六路 科技七路8号,消防小区,640,2,押一付一 带卫生间6号线 省体育馆地铁口 锦业路 西安软件园
27,"合租,朝南,有电梯,3号线",3,低层(共25层)                                                            ,,"高新区-科技路西口 高新六路,近科技路",米罗蓝山,790,1,丈八北路地铁口 高新医院 米罗蓝山 三室主卧 可做饭 月付
30,"合租,朝南,有电梯,3/6号线",3,中层(共23层)                                                            ,,高新区-高新一中 科技二路,名城天下,900,1,实图实价 可月付 甘家寨地铁口 领先时代广场 木塔寨 沙井村
21,"合租,朝南,有电梯,3/5号线",3,高层(共18层)                                                            ,,"高新区-昆明路 沣惠南路,近昆明路",牡丹庄园,730,1,金光门地铁口 太和时代广场 实墙主卧阳台 金辉国际 融侨城
23,"合租,朝南,有电梯,3/5号线",3,高层(共33层)                                                            ,,"高新区-大寨路 大寨路,近无名路",晶鑫华庭,980,1,可月付 大寨路 高新医院 旭景碧泽园 安琪儿医院 晶鑫华庭
35,"合租,朝南,有电梯,3/5号线",3,高层(共28层)                                                            ,,高新区-大寨路 大寨路99号,恒大城,790,1,月付 主卧大阳台 大寨路十字 新乐城 旭景碧泽园 恒大城
20,"合租,朝南,有电梯",3,中层(共30层)                                                            ,,高新区-鱼化寨 鱼斗路,兴贺佳苑,800,2,科技四路 环普产业园 兴贺佳苑 鱼斗路 雷家寨
20,"合租,朝南,3/5/6号线",5,高层(共7层)                                                            ,,高新区-高新四路 高新四路,天然气公司家属院(高新四路),800,0,天然气公司家属院高新四路800元新西兰大都荟南二环丰庆旺座国
15,"合租,朝南,有电梯,3/5号线",3,中层(共32层)                                                            ,,高新区-科技六路 团结南路18号,盛景园,550,2,团结南路，金光门延平门地铁口，无中介管理费，直租房
30,"合租,朝南,有电梯,3号线",3,低层(共32层)                                                            ,,"高新区-大寨路 科技西路,近丈八北路辅路",金辉高新云璟,580,2,高新云璟 天朗蓝湖树 直租月付 外事学院北校区 凤度天城
23,"合租,朝南,有电梯,6号线",5,低层(共28层)                                                            ,,高新区-科技六路 双水磨路,保利双水磨小区,700,0,科技四路 保利双水磨 押一付一 多套 随时看房 主卧次卧都有
36,"合租,朝南,有电梯,3/5号线",3,中层(共33层)                                                            ,,高新区-科技六路 团结南路18号,盛景园,900,2,可月付 团结南路 盛景园 南向超大卧室带落地全景阳台 空调
25,"合租,朝南,有电梯,6号线",3,中层(共30层)                                                            ,,高新区-科技六路 团结南路,南窑头社区西区,780,1,摩尔中心 唐延路 科技五路 双水磨 软件园附近合租房直租
36,"合租,朝南,有电梯,3号线",3,中层(共33层)                                                            ,,高新区-科技路西口 唐兴路21号,都市春天,900,2,减免一个月租金都市春天 超大南向卧室带落地全景阳台独立洗漱
25,"合租,朝南,有电梯,3号线",4,低层(共12层)                                                            ,,高新区-科技路中段 科技路298号,紫薇臻品,850,2,独卫丈八北路地铁口 高新医院 西安软件园 紫薇臻品 配套齐全
